<?xml version="1.0" encoding="ISO-8859-1"?>
<TEI.2>
   <text>
      <body>
         <div0 type="ordinarysAccount" id="OA17130925">
            <interp inst="OA17130925" type="uri" value="ordinarysAccounts/OA17130925"/>
            <interp inst="OA17130925" type="date" value="17130925"/>
            <xptr type="pageFacsimile" doc="OA171309250001"/>
            <p>THE Ordinary of NEWGATE HIS ACCOUNT OF</p>
            <p>The Behaviour, Confessions, and Last Speeches of the Malefactors that were Executed at Tyburn, on Friday the 25th of September, 1713.</p>
            <p>AT the Sessions held at Justice-Hall in the Old-baily, on Wednesday, Thursday, Friday, and Saturday, the 9th, 10th, 11th, and 12th instant, Eleven Persons, viz. Seven Men, and Four Women, being found Guilty of several Capital Crimes, did receive Sentence of Death accordingly: But one of the Women being found pregnant, and another Woman and Two of the Men having obtain'd HER MAJESTY'S Gracious Reprieve, are now respited from Execution, and Seven are order'd for it.</p>
            <p>When they lay under this Condemnation, I constantly visited them, and had them brought up twice every Day to the Chapel of Newgate, where I pray'd with them, and gave them such Instructions from the Word of God (which I then read and expounded to them) as I judg'd proper for the bringing of them to a Sense of their Sins, the Reformation of their Lives, and a due Preparation for a Christian Death here, and a Happy Life hereafter.</p>
            <p>On the Lord's Day the 13th instant, I preach'd to them, both in the Forenoon and Afternoon, upon Psal. 39. 12. the Words being these, Hear my Prayer, O Lord, and give ear unto my Cry; hold not thy Peace at my Tears. For I am a Stranger with Thee, and a Sojourner, as all my Fathers were.</p>
            <p>Which Words (with their Context) having first explain'd in general, I then proceeded to discourse in particular upon these three Propositions, resulting from them, viz.</p>
            <p>I. That all the Sons and Daughters of Men are but Strangers and Pilgrims upon Earth, travelling towards their Long Home; as David professes for himself, and for all before him, in these Words of the Text: I am a Stranger with thee, and a Sojourner, as all my Fathers were.</p>
            <p>II. That from thence it follows, That as this Life is short and transient, our Abode in this World but temporal, and of no long duration, so we should set our Affections not on things on Earth, but on things that are above; raising our Thoughts and our Desires to that blessed Life which is to come, eternal in the Heavens; as the Apostle excellently exhorts, 2 Cor. 5. 1. and Col. 3. 2.</p>
            <xptr type="pageFacsimile" doc="OA171309250002"/>
            <p>III. and lastly, That the best Expedient, for us to reach home to that most glorious Place, (which we should look upon as our Native Country, and Eternal Inheritance and Abode) we are to make this present Life a Life of Prayers and Tears; mourning for our Sins, and imploring God's Mercy, and Pardon, and Grace, saying with Holy David in the Text and Words following; Hear my Prayer, O Lord, and give ear unto my Cry; hold not thy Peace at my Tears.-Oh! spare me a little, that I may recover my Strength before I go hence and be no more seen.</p>
            <p>On the last Lord's Day, the 20th instant, preach'd again to them, viz. in the Morning upon these Words, Psal. 19. the 12th and 13th Verses, Who can understand his Errors? Cleanse thou me from secret Faults: Keep back thy Servant also from presumptuous Sins; let them not have dominion over me. Then shall I be upright, and I shall be innocent from the great Transgression. And in the Afternoon upon St. Mark, chap. I. the latter part of the 15th Verse.-Repent ye, and believe the Gospel.</p>
            <p>Upon the first of those Texts (after a short Introduction) I examin'd the Nature of Sin, and the different Characters under which it is here represented in the Text, viz.</p>
            <p>I. Sins of Ignorance and Infirmity, such as the Royal Prophet calls Errors and secret Faults, which we often fall into inadvertently and unawares, without knowing, or considering at the time of our committing of them, that they are things forbidden by Almighty God; and therefore to be carefully avoided by all Men.</p>
            <p>II. Sins of Presumption, which imply such, as are both known and wilful; and have Dominion over us; i. e. a reigning habitual Power in us.</p>
            <p>Having explain'd these two principal Distinctions of Sins, I proceeded to consider,</p>
            <p>III. and lastly, That if we are kept from Presumptuous Sins, and habitual wilful Trangressions, we shall be safe and out of Danger: We shall be in a State of Grace, a State of Sincerity and Favour with God: So that notwithstanding our Errors and Infirmities, God will account of us, and deal with us, as righteous good Men: Which David insinuates in the latter part of the Text, where he says, Then shall I be upright, and I shall be innocent from the great Transgression; that is, as if he had said, I shall be clear of any such Sin, as may endanger my Soul, and expose it to eternal Damnation and Misery.</p>
            <p>Upon the other Text (which I also explain'd in general with its Context and parallel Places) I first took notice, that herein were couch'd the very first Words of the first Sermon preach'd by our great Master, JESUS CHRIST, containing the whole Tenour of the Gospel, as to what is requir'd of us in order to our Salvation; and therefore highly deserving our utmost attention, regard, and obedience: Which having shewn, I then took occasion from those Words, Repent ye, and believe the Gospel, to explain the Doctrine,</p>
            <p>I. Of Faith,</p>
            <p>II. Of Repentance.</p>
            <xptr type="pageFacsimile" doc="OA171309250003"/>
            <p>And this done, I concluded my present Discourse (as I did the foregoing) with a particular Application, and suitable Admonitions to the Condemn'd; who seem'd to be very devout and attentive to what was then deliver'd them (in the Name of God) for their Spiritual Instruction, and the Comfort of their Souls.</p>
            <p>Those of them now order'd for Execution, did (in my private Examinations of them) give me the respective Accounts of their past Lives and present Dispositions (in substance) as follows.</p>
            <p>I. <persName id="OA17130925n22-1">
                  <interp inst="OA17130925n22-1" type="gender" value="male"/>
                  <interp inst="OA17130925n22-1" type="surname" value="Bettings"/>
                  <interp inst="OA17130925n22-1" type="given" value="William"/>William Bettings</persName>, <persName id="OA17130925n22-2">
                  <interp inst="OA17130925n22-2" type="gender" value="male"/>
                  <interp inst="OA17130925n22-2" type="surname" value="SMITH"/>
                  <interp inst="OA17130925n22-2" type="given" value="WILLIAM"/>alias Smith</persName>, condemn'd for Assaulting and Robbing <persName id="OA17130925n22-3">
                  <interp inst="OA17130925n22-3" type="gender" value="male"/>
                  <interp inst="OA17130925n22-3" type="surname" value="Harrison"/>
                  <interp inst="OA17130925n22-3" type="given" value="James"/>James Harrison</persName>, <rs id="OA17130925-occupation-1" type="occupation">Esq</rs>
               <join result="persNameOccupation" targOrder="Y"
                     targets="OA17130925n22-3 OA17130925-occupation-1"/>, on the Queen's Highway, upon the 11th day of August last. He said, he was 22 years of age, born in the <placeName id="OA17130925-geo-1">
                  <interp inst="OA17130925-geo-1" type="type" value="county"/>
                  <join result="persNamePlace" targOrder="Y"
                        targets="OA17130925n22-1 n22-2 OA17130925-geo-1"/>
                  <placeName id="OA17130925-geo-2">
                     <interp inst="OA17130925-geo-2" type="type" value="parish"/>
                     <join result="persNamePlace" targOrder="Y"
                           targets="OA17130925n22-1 n22-2 OA17130925-geo-2"/>Parish of Wolhope</placeName> in Herefordshire</placeName>; That he liv'd with his Father, a Grazier, till he was about 16 years old, and then he came up to <placeName id="OA17130925-geo-3">
                  <interp inst="OA17130925-geo-3" type="type" value="urban_centre"/>
                  <join result="persNamePlace" targOrder="Y"
                        targets="OA17130925n22-1 n22-2 OA17130925-geo-3"/>London</placeName>: That soon after this, he got into a Gentleman's Service, and lived with him a pretty while in the Capacity of a <rs id="OA17130925-occupation-2" type="occupation">Foot-boy</rs>
               <join result="persNameOccupation" targOrder="Y"
                     targets="OA17130925n22-1 n22-2 OA17130925-occupation-2"/>; and afterwards try'd other Services, and was sometimes a <rs id="OA17130925-occupation-3" type="occupation">Butler</rs>
               <join result="persNameOccupation" targOrder="Y"
                     targets="OA17130925n22-1 n22-2 OA17130925-occupation-3"/>, and at other times a <rs id="OA17130925-occupation-4" type="occupation">Foot-man</rs>
               <join result="persNameOccupation" targOrder="Y"
                     targets="OA17130925n22-1 n22-2 OA17130925-occupation-4"/>, as it happen'd; That in all those his Services together, he spent about 5 years, and might have done well, had he continued honest and diligent, as he at the first was: But in process of time he fell into bad Company, which debauched and corrupted him, and drove him at last into that wicked Course of Life, that soon brought him to this his shameful Death, which he now said was (though untimely, yet) what he willingly submitted to, as being very sensible, not only that he had greatly deserved it, but might have gone on in his wicked Way, and still done worse things, had not Justice arrested him, as it did, almost in his very first setting-out to rob on the Highway; where (as he told me) in a few Days, but could not particularly remember what Days, he committed these following Facts.</p>
            <p>1. He robb'd a Man a foot on the Way to <placeName id="OA17130925-geo-4">
                  <interp inst="OA17130925-geo-4" type="type" value="parish"/>
                  <join result="persNamePlace" targOrder="Y"
                        targets="OA17130925n22-1 n22-2 OA17130925-geo-4"/>Chelsea</placeName>, and took from him about 12 Shillings, and a pair of Silver Buckles.</p>
            <p>2. He robb'd a Stage-Coach on <placeName id="OA17130925-geo-5">
                  <interp inst="OA17130925-geo-5" type="type" value="site"/>
                  <join result="persNamePlace" targOrder="Y"
                        targets="OA17130925n22-1 n22-2 OA17130925-geo-5"/>Hounslow Heath</placeName>, taking from the passengers a Silver-Watch, and some Money.</p>
            <p>3. He robb'd another Stage-Coach not far from <placeName id="OA17130925-geo-6">
                  <interp inst="OA17130925-geo-6" type="type" value="county"/>
                  <join result="persNamePlace" targOrder="Y"
                        targets="OA17130925n22-1 n22-2 OA17130925-geo-6"/>
                  <placeName id="OA17130925-geo-7">
                     <interp inst="OA17130925-geo-7" type="type" value="urban_centre"/>
                     <join result="persNamePlace" targOrder="Y"
                           targets="OA17130925n22-1 n22-2 OA17130925-geo-7"/>Reading</placeName> in Berkshire</placeName>, and took four Guineas, and some Silver.</p>
            <p>4. He robb'd Esquire Dashwood's Coach on the other side of the Water, a little beyond <placeName id="OA17130925-geo-8">
                  <interp inst="OA17130925-geo-8" type="type" value="parish"/>
                  <join result="persNamePlace" targOrder="Y"
                        targets="OA17130925n22-1 n22-2 OA17130925-geo-8"/>Putney</placeName>, and took from him and his Lady that was in the Coach with him, a Gold-Watch, and 3 or 4 Pieces of Gold, with some Money in Silver.</p>
            <p>5. and lastly, He robb'd Esq, Harrison and his Lady, riding in their Calash towards <placeName id="OA17130925-geo-9">
                  <interp inst="OA17130925-geo-9" type="type" value="parish"/>
                  <join result="persNamePlace" targOrder="Y"
                        targets="OA17130925n22-1 n22-2 n22-3 OA17130925-geo-9"/>Fulham</placeName>, and took from them a Purse with 4 Guineas in it, and some Money: For which Fact he was committed to <placeName id="OA17130925-geo-10">
                  <interp inst="OA17130925-geo-10" type="type" value="site"/>
                  <join result="persNamePlace" targOrder="Y"
                        targets="OA17130925n22-1 n22-2 OA17130925-geo-10"/>Newgate</placeName>, and is now to die.</p>
            <p>All those wicked Things, he said, he did within the space of less than 3 Weeks, and 3 of them on one Day; and were all (as far as he could recollect) that ever he committed, saying that about two years since, he being then in <placeName id="OA17130925-geo-11">
                  <interp inst="OA17130925-geo-11" type="type" value="urban_centre"/>
                  <join result="persNamePlace" targOrder="Y"
                        targets="OA17130925n22-1 n22-2 OA17130925-geo-11"/>London</placeName>, took a Journey into the Country on purpose to rob the House of a dear Friend and nearest Relation of his, which he effectually and easily did, as being well acquainted with all the Parts of that House, and the Ways to come into it; taking away from thence a Horse, some Money, Gold-Rings, &amp;c. He further said, that in all those his Robberies, he never did, nor had it in his thoughts to commit Murder; for which he thanked God, as having so much the less to answer for. He seem'd (by his whole Carriage all the time he was under this Condemnation) to be very sensible of his past Follies, and very penitent.</p>
            <p>2. <persName id="OA17130925n29-1">
                  <interp inst="OA17130925n29-1" type="gender" value="male"/>
                  <interp inst="OA17130925n29-1" type="surname" value="HEATH"/>
                  <interp inst="OA17130925n29-1" type="given" value="JOHN"/>John Heath</persName>, alias <persName id="OA17130925n29-2">
                  <interp inst="OA17130925n29-2" type="gender" value="male"/>
                  <interp inst="OA17130925n29-2" type="surname" value="HOW"/>
                  <interp inst="OA17130925n29-2" type="given" value="JAMES"/>James How</persName>, condemn'd for stealing a brown Mare out of the Ground of Mr. <persName id="OA17130925n29-3">
                  <interp inst="OA17130925n29-3" type="gender" value="male"/>
                  <interp inst="OA17130925n29-3" type="surname" value="CABELL"/>
                  <interp inst="OA17130925n29-3" type="given" value="EDWARD"/>Edward Cabell</persName>, on the 27th of August last. He said, he was about 22 years of age, born at <placeName id="OA17130925-geo-12">
                  <interp inst="OA17130925-geo-12" type="type" value="county"/>
                  <join result="persNamePlace" targOrder="Y"
                        targets="OA17130925n29-1 n29-2 OA17130925-geo-12"/>
                  <placeName id="OA17130925-geo-13">
                     <join result="persNamePlace" targOrder="Y"
                           targets="OA17130925n29-1 n29-2 OA17130925-geo-13"/>Thornwood</placeName> in Essex</placeName>; That while he was in the Country, be follow'd <rs id="OA17130925-occupation-5" type="occupation">Husbandry</rs>
               <join result="persNameOccupation" targOrder="Y"
                     targets="OA17130925n29-1 n29-2 OA17130925-occupation-5"/>, and when about 10 or 11 years old, he was put to a <rs id="OA17130925-occupation-6" type="occupation">Cook</rs>
               <join result="persNameOccupation" targOrder="Y"
                     targets="OA17130925n29-1 n29-2 OA17130925-occupation-6"/> (upon liking) behind the <placeName id="OA17130925-geo-14">
                  <interp inst="OA17130925-geo-14" type="type" value="urban_centre"/>
                  <join result="persNamePlace" targOrder="Y"
                        targets="OA17130925n29-1 n29-2 OA17130925-geo-14"/>
                  <placeName id="OA17130925-geo-15">
                     <interp inst="OA17130925-geo-15" type="type" value="site"/>
                     <join result="persNamePlace" targOrder="Y"
                           targets="OA17130925n29-1 n29-2 OA17130925-geo-15"/>Royal Exchange</placeName>, London</placeName>; but as he did not like that Employment, so at the end of 3 Months trial, he quitted it, and went to <rs id="OA17130925-occupation-7" type="occupation">Gentlemen's Service</rs>
               <join result="persNameOccupation" targOrder="Y"
                     targets="OA17130925n29-1 n29-2 OA17130925-occupation-7"/>, and afterwards to Sea: That both before his going to, and after his Return from Sea, where he served about 3 years in the <rs id="OA17130925-occupation-8" type="occupation">Royal Navy</rs>
               <join result="persNameOccupation" targOrder="Y"
                     targets="OA17130925n29-1 n29-2 OA17130925-occupation-8"/> (the last Ship he was in being the Chichester, a Third Rate, commanded by Capt.</p>
            <xptr type="pageFacsimile" doc="OA171309250004"/>
            <p>[4]</p>
            <p>Lake) he committed diverse Robberies and Burglaries; breaking open, and taking Goods out of four or five Houses in <placeName id="OA17130925-geo-16">
                  <interp inst="OA17130925-geo-16" type="type" value="county"/>
                  <join result="persNamePlace" targOrder="Y"
                        targets="OA17130925n29-1 n29-2 OA17130925-geo-16"/>Essex</placeName>, in the Neighbourhood where he was born, and robbing several Farmers and others on the Highway between the <placeName id="OA17130925-geo-17">
                  <interp inst="OA17130925-geo-17" type="type" value="site"/>
                  <join result="persNamePlace" targOrder="Y"
                        targets="OA17130925n29-1 n29-2 OA17130925-geo-17"/>Green-man</placeName> and <placeName id="OA17130925-geo-18">
                  <interp inst="OA17130925-geo-18" type="type" value="parish"/>
                  <join result="persNamePlace" targOrder="Y"
                        targets="OA17130925n29-1 n29-2 OA17130925-geo-18"/>Stratford</placeName>. He confess'd, he had broke all the Ten Commandments, even that against Murder; for once he had resolv'd (in case of Resistance) to have committed it (though he never actually did) upon the Persons he assaulted and robbed: But as to that heinous Crime, the very next in Order and in Nature to this of Murder, viz. Adultery, he own'd, That he was highly guilty of it; and earnestly pray'd God to forgive it him, and all other his Sins, which were many and great, and for which he was not able to make any other Reparation, than to beg (as he heartily did) their Pardon whom he had any ways offended. He also readily acknowledg'd, That he was justly condemn'd; and, That he had indeed deserved this Death, as having so very lately abused the Mercy of the QUEEN'S Pardon to him, which he pleaded at the <placeName id="OA17130925-geo-19">
                  <interp inst="OA17130925-geo-19" type="type" value="site"/>
                  <join result="persNamePlace" targOrder="Y"
                        targets="OA17130925n29-1 n29-2 OA17130925-geo-19"/>Old-Baily</placeName>, on the 12th of August last. It seems, he then thought (when he receiv'd that Pardon) that by it he was discharg'd not only of the Temporal Punishment he deserved, but of all Guilt; and therefore might begin to Sin upon a new Score, and no notice taken of his former Faults; but he found his Mistake afterwards, when by the Abuse he had made of former Mercy, his present Condemnation stuck so much the closer upon him, and his Heart so much the harder and the more difficult to be melted into Repentance; of which he grievously complain'd, and upon that earnestly desired my Prayers. This ought to be a Warning to those that presumptuously make a Mock of Sin, and grosly abuse (as I know many do daily) the Mercies of God and of the Queen, shewn to them, with this gracious Intent, viz. To encourage and lead them (not to Sin, but) to Repentance and Reformation of Life.</p>
            <p>3. <persName id="OA17130925n32-2">
                  <interp inst="OA17130925n32-2" type="gender" value="male"/>
                  <interp inst="OA17130925n32-2" type="surname" value="Hollingshy"/>
                  <interp inst="OA17130925n32-2" type="given" value="George"/>George Hollingshy</persName>, condemn'd for breaking the House of Mr. <persName id="OA17130925n32-1">
                  <interp inst="OA17130925n32-1" type="gender" value="male"/>
                  <interp inst="OA17130925n32-1" type="surname" value="TIDDER"/>
                  <interp inst="OA17130925n32-1" type="given" value="WILLIAM"/>William Tidder</persName>, and taking from thence an Iron Chain, and other Goods, on the 3d of March last, and for several other Felonies specify'd in the Book of Tryals, to which I refer the Reader. He said, he was about 20 Years of age, born at <placeName id="OA17130925-geo-20">
                  <interp inst="OA17130925-geo-20" type="type" value="urban_centre"/>
                  <join result="persNamePlace" targOrder="Y"
                        targets="OA17130925n32-2 OA17130925-geo-20"/>
                  <placeName id="OA17130925-geo-21">
                     <interp inst="OA17130925-geo-21" type="type" value="parish"/>
                     <join result="persNamePlace" targOrder="Y"
                           targets="OA17130925n32-2 OA17130925-geo-21"/>Mile-end</placeName> near London</placeName>; that he had liv'd most of his younger Years with a <rs id="OA17130925-occupation-9" type="occupation">Blacksmith</rs>
               <join result="persNameOccupation" targOrder="Y"
                     targets="OA17130925n32-2 OA17130925-occupation-9"/> in that Place, and work'd with him at that Trade for the space of two Years; and then rambled about London, and afterwards went to Sea, and serv'd about six Years, off and on, on board several <rs id="OA17130925-occupation-10" type="occupation">Men of War</rs>
               <join result="persNameOccupation" targOrder="Y"
                     targets="OA17130925n32-2 OA17130925-occupation-10"/>, especially the Warspight, a third Rate, commanded by Capt. Crow; adding, that being once a <rs id="OA17130925-occupation-11" type="occupation">Servant to the Cook</rs>
               <join result="persNameOccupation" targOrder="Y"
                     targets="OA17130925n32-2 OA17130925-occupation-11"/> of the Royal William, a first Rate, which at that time had no Commander, he took six Guineas out of a Chest in that Ship, and ran away therewith; and when he had spent all, and was reduc'd to Poverty, and urg'd on by the bad Company he kept, he betook himself to the breaking of Houses, and picking of Pockets, which he chiefly did, viz. the former at <placeName id="OA17130925-geo-22">
                  <interp inst="OA17130925-geo-22" type="type" value="site"/>
                  <join result="persNamePlace" targOrder="Y"
                        targets="OA17130925n32-2 OA17130925-geo-22"/>Ratcliff High-cross</placeName>, and the latter in <placeName id="OA17130925-geo-23">
                  <interp inst="OA17130925-geo-23" type="type" value="urban_centre"/>
                  <join result="persNamePlace" targOrder="Y"
                        targets="OA17130925n32-2 OA17130925-geo-23"/>London</placeName>, where he also frequently stole Things out of Shops, tho' but small matters at a time. He further acknowledg'd, That now he saw his Follies, and was made sensible both of the ill Effect of them, and of his Obligation to make what Satisfaction he could to the Persons he had wrong'd; and therefore sent for such of them as he knew, to ask their Pardon, and give them what Information he was able, that might be of use to them; as being desirous to do whatever lay in his Power to clear his Conscience, and make his Peace with God and his Neighbours (whom he had so greatly offended) before he was call'd to receive his Sentence at the dreadful Tribunal; the thoughts of which made him very much fear and tremble.</p>
            <p>4. <persName id="OA17130925n33-1">
                  <interp inst="OA17130925n33-1" type="gender" value="male"/>
                  <interp inst="OA17130925n33-1" type="surname" value="TURNER"/>
                  <interp inst="OA17130925n33-1" type="given" value="THOMAS"/>Thomas Turner</persName>, condemn'd for stealing a brown Gelding, out of the Ground of Mr. <persName id="OA17130925n33-2">
                  <interp inst="OA17130925n33-2" type="gender" value="male"/>
                  <interp inst="OA17130925n33-2" type="surname" value="BENNING"/>
                  <interp inst="OA17130925n33-2" type="given" value="AMBROSE"/>Ambrose Benning</persName>, on the 20th Day of August last. He said, he was 30 Years of Age, born at <placeName id="OA17130925-geo-24">
                  <interp inst="OA17130925-geo-24" type="type" value="county"/>
                  <join result="persNamePlace" targOrder="Y"
                        targets="OA17130925n33-1 OA17130925-geo-24"/>
                  <placeName id="OA17130925-geo-25">
                     <interp inst="OA17130925-geo-25" type="type" value="parish"/>
                     <join result="persNamePlace" targOrder="Y"
                           targets="OA17130925n33-1 OA17130925-geo-25"/>Thriplow</placeName> in Cambridgeshire</placeName>: That his chief Employment was <rs id="OA17130925-occupation-12" type="occupation">Husbandry</rs>
               <join result="persNameOccupation" targOrder="Y"
                     targets="OA17130925n33-1 OA17130925-occupation-12"/>; but had made it part of his Trade for these six Years past to steal Sheep and Hogs, and was for such a Fact burnt in the Hand at <placeName id="OA17130925-geo-26">
                  <interp inst="OA17130925-geo-26" type="type" value="urban_centre"/>
                  <join result="persNamePlace" targOrder="Y"
                        targets="OA17130925n33-1 OA17130925-geo-26"/>Cambridge</placeName> about nine Months ago; and tho' his Offences had often escap'd the Notice, and consequently the Punishment of the Law, yet he found now, by his woful Experience, that Sinners do not always go unpunish'd, even in this World. He confess'd, that he was justly condemn'd, and that if God were not most merciful to him, who had been a wicked Sinner in many Ways, he should utterly perish.</p>
            <xptr type="pageFacsimile" doc="OA171309250005"/>
            <p>5. <persName id="OA17130925n34-1">
                  <interp inst="OA17130925n34-1" type="gender" value="male"/>
                  <interp inst="OA17130925n34-1" type="surname" value="JOYNER"/>
                  <interp inst="OA17130925n34-1" type="given" value="JOHN"/>John Joyner</persName>, condemn'd for breaking the House of Mr. <persName id="OA17130925n34-2">
                  <interp inst="OA17130925n34-2" type="gender" value="male"/>
                  <interp inst="OA17130925n34-2" type="surname" value="KELLY"/>
                  <interp inst="OA17130925n34-2" type="given" value="JOHN"/>John Kelly</persName>, and stealing from thence 15 Perruques, and above 4 l. in Money and other Goods, to the value of 60 l. on the 14 Day of November 1712; and also for stealing out of Mr. Gurney's House 2 Watches, and 15 Shillings in Money, &amp;c. on the 30th of December following. He confess'd, that he was guilty of those two Robberies; and that it would have been well for him, if he had learn'd to amend his Life, by the Punishment he receiv'd on the 10th Day of July last, at the <placeName id="OA17130925-geo-27">
                  <interp inst="OA17130925-geo-27" type="type" value="site"/>
                  <join result="persNamePlace" targOrder="Y"
                        targets="OA17130925n34-1 n34-3 OA17130925-geo-27"/>Old-baily</placeName>, where he was burnt in the Hand for a Felony he was then try'd for, and convicted of, by the Name of <persName id="OA17130925n34-3">
                  <interp inst="OA17130925n34-3" type="gender" value="male"/>
                  <interp inst="OA17130925n34-3" type="surname" value="WILLIAMS"/>
                  <interp inst="OA17130925n34-3" type="given" value="JOHN"/>John Williams</persName>, under which he went at that time. He said, he was about 28 years of age, an Irish-man by Birth, a <rs id="OA17130925-occupation-13" type="occupation">Roman-Catholick</rs>
               <join result="persNameOccupation" targOrder="Y"
                     targets="OA17130925n34-1 n34-3 OA17130925-occupation-13"/> by Religion, and a <rs id="OA17130925-occupation-14" type="occupation">Taylor</rs>
               <join result="persNameOccupation" targOrder="Y"
                     targets="OA17130925n34-1 n34-3 OA17130925-occupation-14"/> by Trade. He appear'd very thoughtful, and very serious, and gave sufficient Demonstrations of the sense he had of the Misery attending a wicked Life; declaring, that he was griev'd at the Heart he had offended God, and wrong'd his Neighbour, and humbly begg'd Pardon of both.</p>
            <p>6. <persName id="OA17130925n35-1">
                  <interp inst="OA17130925n35-1" type="gender" value="female"/>
                  <interp inst="OA17130925n35-1" type="surname" value="CLIFFORD"/>
                  <interp inst="OA17130925n35-1" type="given" value="SARAH"/>Sarah Clifford</persName>, <persName id="OA17130925n35-3">
                  <interp inst="OA17130925n35-3" type="gender" value="female"/>
                  <interp inst="OA17130925n35-3" type="surname" value="ATKINS"/>
                  <interp inst="OA17130925n35-3" type="given" value="SARAH"/>alias Atkins</persName>, condemn'd for privately stealing 13 l. in Money from the Person of <persName id="OA17130925n35-2">
                  <interp inst="OA17130925n35-2" type="gender" value="male"/>
                  <interp inst="OA17130925n35-2" type="surname" value="STOCKING"/>
                  <interp inst="OA17130925n35-2" type="given" value="RALPH"/>Ralph Stocking</persName>. She said, she was 28 years of age, born in the Parish of <placeName id="OA17130925-geo-28">
                  <interp inst="OA17130925-geo-28" type="type" value="urban_centre"/>
                  <join result="persNamePlace" targOrder="Y"
                        targets="OA17130925n35-1 n35-3 OA17130925-geo-28"/>
                  <placeName id="OA17130925-geo-29">
                     <interp inst="OA17130925-geo-29" type="type" value="parish"/>
                     <join result="persNamePlace" targOrder="Y"
                           targets="OA17130925n35-1 n35-3 OA17130925-geo-29"/>St. Giles Cripplegate</placeName>, London</placeName>: That she wrought, for a considerable time, at the <rs id="OA17130925-occupation-15" type="occupation">Weavers Trade</rs>
               <join result="persNameOccupation" targOrder="Y"
                     targets="OA17130925n35-1 n35-3 OA17130925-occupation-15"/>; and then betook herself to another sort of Employment, which was, her <rs id="OA17130925-occupation-16" type="occupation">going about the Streets and crying (in their Season) Dilters, Alounders, Mackrel, &amp;c.</rs>
               <join result="persNameOccupation" targOrder="Y"
                     targets="OA17130925n35-1 n35-3 OA17130925-occupation-16"/> That by degrees, she fell into ill Company, and on the doing of ill things of several kinds, and chiefly Picking of Pockets: Which the better to effect, she allured Men into her Company, especially when she perceived them in Drink, and made them quite Drunk, as she did Mr. Stocking; whom she robbed of the Money he had about him, and then put him into an Hackney-Coach, in which she rode with him a little way, and when she found her opportunity, lipt out of it, and left him there alone: That soon after this, she heard he was dead, and herself suspected of having murder'd him: But she protested to me, that though she had committed the Robbery, yet was clear of his Death. Upon this I endeavour'd to make her sensible; That (indeed) she was not so clear in the Matter, as she deceivingly flatter'd herself to be; for though she might not have laid violent Hands upon the poor Man, yet by her forcing him to drink, when he had drank too much already, and by that means making him Dead-munk (as by her own Confession she had done) it plainly appear'd to me (as no doubt it did so to others) that she was the Cause of his Death: And therefore must expect to be call'd to a strict Account before God, both for that and for all other the Sins she had committed, unless she truly repented of them. At this Discourse she mightily started, and seem'd to be very much concerned, and discompos'd in her Spirit; and then appear'd stupid and harden'd. Sometimes she would justify herself; and at other times fell a crying bitterly; speaking more with her Tears, than in Words; but whether those Tears were Tears of Repentance, or not; Whether they proceeded from her Love to God and Goodness, or from natural Sorrow and Fear, or from all these together, I do not here determine</p>
            <p>7. <persName id="OA17130925n36-1">
                  <interp inst="OA17130925n36-1" type="gender" value="female"/>
                  <interp inst="OA17130925n36-1" type="surname" value="WELLS"/>
                  <interp inst="OA17130925n36-1" type="given" value="JANE"/>Jane Wells</persName>, alias <persName id="OA17130925n36-2">
                  <interp inst="OA17130925n36-2" type="gender" value="female"/>
                  <interp inst="OA17130925n36-2" type="surname" value="WELLS"/>
                  <interp inst="OA17130925n36-2" type="given" value="ELIZABETH"/>Elizabeth Wells</persName>, <persName id="OA17130925n36-4">
                  <interp inst="OA17130925n36-4" type="gender" value="female"/>
                  <interp inst="OA17130925n36-4" type="surname" value="WHITE"/>
                  <interp inst="OA17130925n36-4" type="given" value="ELIZABETH"/>alias White</persName>, <persName id="OA17130925n36-5">
                  <interp inst="OA17130925n36-5" type="gender" value="female"/>
                  <interp inst="OA17130925n36-5" type="surname" value="DYER"/>
                  <interp inst="OA17130925n36-5" type="given" value="ELIZABETH"/>alias Dyer</persName>, &amp;c. condemn'd for privately stealing a Silk-Gown, a Silver-lac'd Petticoat, a Muslin-Apron, two Gold-Rings, a Diamond-Ring, 15 l. in Money, &amp;c. the Goods of Mr. <persName id="OA17130925n36-3">
                  <interp inst="OA17130925n36-3" type="gender" value="male"/>
                  <interp inst="OA17130925n36-3" type="surname" value="MAKEPEACE"/>
                  <interp inst="OA17130925n36-3" type="given" value="SAMUEL"/>Samuel Makepeace</persName>. She said, she was about 29 years of age, born in the County of <placeName id="OA17130925-geo-30">
                  <interp inst="OA17130925-geo-30" type="type" value="county"/>
                  <join result="persNamePlace" targOrder="Y"
                        targets="OA17130925n36-1 n36-2 n36-4 n36-5 OA17130925-geo-30"/>Surrey</placeName>, within 3 Miles of <placeName id="OA17130925-geo-31">
                  <interp inst="OA17130925-geo-31" type="type" value="urban_centre"/>
                  <join result="persNamePlace" targOrder="Y"
                        targets="OA17130925n36-1 n36-2 n36-4 n36-5 OA17130925-geo-31"/>London</placeName>; but would not tell the particular place or Parish from whence she first came; only said, she had lived a considerable time, and in very good Families, in and about this City: That in all her Services she behav'd herself as a careful, faithful, and honest <rs id="OA17130925-occupation-17" type="occupation">Servant</rs>
               <join result="persNameOccupation" targOrder="Y"
                     targets="OA17130925n36-1 n36-2 n36-4 n36-5 OA17130925-occupation-17"/> in every respect: That she was Guilty neither of Murder, nor Whoredom, nor Swearing, nor Excessive Drinking; nor any such like Crimes. And so she was going on in the setting-out of herself under a fair Character, and making herself appear (all she could) as a very honest and good Woman: But I stopt her too fluent Tongue in this her own vain Commendation; putting her in mind, not only of the Fact for which she stood now condemn'd, but of that also she had done before, and was about ten Months since, Burnt in the Hand, and sent to <placeName id="OA17130925-geo-32">
                  <interp inst="OA17130925-geo-32" type="type" value="site"/>
                  <join result="persNamePlace" targOrder="Y"
                        targets="OA17130925n36-1 n36-2 n36-4 n36-5 OA17130925-geo-32"/>Bride-well</placeName> for; reproving her (at the same time) for her wicked Presumption in breaking out of that Place (as she lately did) and presently returning to her former evil</p>
            <xptr type="pageFacsimile" doc="OA171309250006"/>
            <p>Ways; and adding to all this, That I really believed she had been a very Ill-liver, and had (as I was told) done much Mischief in the World by her debauching young Men, and doing abundance of other wicked Things; for which she was now very near her being call'd to a most severe Judgment before Almighty God, unless she prevented it by a free Confession, hearty Prayers, and sincere Repentance. When I laid all these malancholy Matters before her, she groan'd, and shed some Tears, and said, I have been a great Sinner indeed: And the Lord have Mercy upon me! And this was all she said, for she would not confess any thing in particular, saving what was most plain and universally known, viz. Her Escape out of <placeName id="OA17130925-geo-33">
                  <interp inst="OA17130925-geo-33" type="type" value="site"/>
                  <join result="persNamePlace" targOrder="Y"
                        targets="OA17130925n36-1 n36-2 n36-4 n36-5 OA17130925-geo-33"/>Bridewell</placeName> (where she was by Order of Court, to have remain'd two Years) and the Fact for which she was now to suffer this shameful Death: To which, as she was approaching, she seemed to entertain more serious Thoughts, and grieve very much for her Sins.</p>
            <p>At the Place of Execution (whither they were all carry'd from Newgate in three Carts this Day) I attended them for the last time. I exhorted them still more and more to stir up their Minds and Hearts (all the Affections of their Souls) to God, whom they had so much offended. I pray'd, and sung some Penitential Psalms with them, and made them rehearse the Apostles Creed; and finally recommending them to God's All-sufficient Grace and boundless Mercy, I retired from them; who at the same time spoke to the Standers-by, that were many, to this purpose: That they would take Warning by them, and so avoid such an Untimely End as they themselves were now come to, for their Sins.</p>
            <p>After they had done speaking, they apply'd themselves to their private Devotions, for which they had some small time allotted them: And then the Cart drew away, they all the while calling upon GOD, To have Mercy upon them; to pardon their Sins, and to receive their Souls.</p>
            <p>This is all the Account here to be given of these dying Persons, by me,</p>
            <p>
               <persName id="OA17130925n41-1">
                  <interp inst="OA17130925n41-1" type="gender" value="male"/>
                  <interp inst="OA17130925n41-1" type="surname" value="LORRAIN"/>
                  <interp inst="OA17130925n41-1" type="given" value="PAUL"/>PAUL LORRAIN</persName>, <rs id="OA17130925-occupation-18" type="occupation">Ordinary</rs>
               <join result="persNameOccupation" targOrder="Y"
                     targets="OA17130925n41-1 OA17130925-occupation-18"/>.</p>
            <p>Friday, Sept. 25. 1713.</p>
            <p>ADVERTISEMENTS.</p>
            <p>THis is to give Notice to all Gentlemen, Booksellers, and others, That there is lately publish'd a new sett of Cuts, adapted to several sizes of Common-prayers, all new Designs, by Mr. Gocree of Amsterdam; engrav'd by P. Vandergucht. Likewise Mr. Sturt's Cuts. Sold by <persName id="OA17130925n44-1">
                  <interp inst="OA17130925n44-1" type="gender" value="male"/>
                  <interp inst="OA17130925n44-1" type="surname" value="WHITLEDGE"/>
                  <interp inst="OA17130925n44-1" type="given" value="ROBERT"/>ROBERT WHITLEDGE</persName>, at the Bible and Ball in <placeName id="OA17130925-geo-34">
                  <interp inst="OA17130925-geo-34" type="type" value="parish"/>
                  <join result="persNamePlace" targOrder="Y"
                        targets="OA17130925n44-1 OA17130925-geo-34"/>
                  <placeName id="OA17130925-geo-35">
                     <interp inst="OA17130925-geo-35" type="type" value="street"/>
                     <join result="persNamePlace" targOrder="Y"
                           targets="OA17130925n44-1 OA17130925-geo-35"/>Ave-Maria-Lane</placeName>, near Ludgate</placeName>; where may be had all sorts of Bibles, either in Folio, Quarto, Octavo, Twelves, or other sizes; Common prayers in Folio, for the use of Churches; Commonprayers in 8� &amp; 12�. All neatly bound. Duty of Man's Works of all sizes; Duty of Man in Latin; Latin and Welsh Common-prayers; Tate and Brady's new Version of Psalms, with the new Supplement: Dr. Gibson on the Sacrament, Mr. Clutterbuck on the Liturgy; The Statutes at large, in 3 vol. Bp Beveridge's Sermons and private Thoughts, &amp;c.</p>
            <p>Books set forth by <persName id="OA17130925n45-1">
                  <interp inst="OA17130925n45-1" type="gender" value="male"/>
                  <interp inst="OA17130925n45-1" type="surname" value="LORRAIN"/>
                  <interp inst="OA17130925n45-1" type="given" value="PAUL"/>Paul Lorrain</persName>, before he was, and since he is <rs id="OA17130925-occupation-19" type="occupation">Ordinary</rs>
               <join result="persNameOccupation" targOrder="Y"
                     targets="OA17130925n45-1 OA17130925-occupation-19"/> of <placeName id="OA17130925-geo-36">
                  <interp inst="OA17130925-geo-36" type="type" value="site"/>
                  <join result="persNamePlace" targOrder="Y"
                        targets="OA17130925n45-1 OA17130925-geo-36"/>Newgate</placeName>.</p>
            <p>A Guide to Salvation; or, the Way to Eternal Bliss, Sold by <persName id="OA17130925n46-1">
                  <interp inst="OA17130925n46-1" type="gender" value="male"/>
                  <interp inst="OA17130925n46-1" type="surname" value="MEADOWS"/>
                  <interp inst="OA17130925n46-1" type="given" value="WILLIAM"/>William Meadows</persName> near the <placeName id="OA17130925-geo-37">
                  <interp inst="OA17130925-geo-37" type="type" value="street"/>
                  <join result="persNamePlace" targOrder="Y"
                        targets="OA17130925n46-1 OA17130925-geo-37"/>
                  <placeName id="OA17130925-geo-38">
                     <interp inst="OA17130925-geo-38" type="type" value="site"/>
                     <join result="persNamePlace" targOrder="Y"
                           targets="OA17130925n46-1 OA17130925-geo-38"/>Royal Exchange</placeName> in Cornhill</placeName>. The last Words of the <rs id="OA17130925-occupation-20" type="occupation">Lady</rs>
               <join result="persNameOccupation" targOrder="Y"
                     targets="OA17130925n46-4 OA17130925-occupation-20"/> 
               <persName id="OA17130925n46-4">
                  <interp inst="OA17130925n46-4" type="gender" value="female"/>
                  <interp inst="OA17130925n46-4" type="surname" value="DE LA MUSSE"/>
                  <interp inst="OA17130925n46-4" type="given" value="MARGARET"/>Margaret de la Musse</persName>: And, the dying Man's Assistant. Both printed for, and sold by <persName id="OA17130925n46-2">
                  <interp inst="OA17130925n46-2" type="gender" value="male"/>
                  <interp inst="OA17130925n46-2" type="surname" value="LAWRENCE"/>
                  <interp inst="OA17130925n46-2" type="given" value="JOHN"/>John Lawrence</persName> at the <placeName id="OA17130925-geo-39">
                  <interp inst="OA17130925-geo-39" type="type" value="street"/>
                  <join result="persNamePlace" targOrder="Y"
                        targets="OA17130925n46-2 OA17130925-geo-39"/>
                  <placeName id="OA17130925-geo-40">
                     <interp inst="OA17130925-geo-40" type="type" value="site"/>
                     <join result="persNamePlace" targOrder="Y"
                           targets="OA17130925n46-2 OA17130925-geo-40"/>Angel</placeName> in the Poultry</placeName>. Moral and Divine Maxims. Minutius Felix; or, a Vindication of Christianity against Paganism. Funeral Rites of all Nations. A Discourse of Christianity, with the Character of a true Christian. A Sermon preach'd upon an especial Occasion, and dedicated to the Lord High-Treasurer of Great Britain. Publish'd by <persName id="OA17130925n46-3">
                  <interp inst="OA17130925n46-3" type="gender" value="male"/>
                  <interp inst="OA17130925n46-3" type="surname" value="MORPHEW"/>
                  <interp inst="OA17130925n46-3" type="given" value="JOHN"/>John Morphew</persName> near <placeName id="OA17130925-geo-41">
                  <interp inst="OA17130925-geo-41" type="type" value="site"/>
                  <join result="persNamePlace" targOrder="Y"
                        targets="OA17130925n46-3 OA17130925-geo-41"/>Stationers-hall</placeName>, Sndon.</p>
            <p>DR. Tipping's Original Famous Liquor for dissolving the Stone in the Bladder or Kidneys, bringing away visibly whatever Gravel may be generated in those Parts. Likewise gives immediate ease in the most inveterate Pains of the Cholick, Gout, and Rheumatism; and soon after restores the use of Limbs. Is truly and faithfully prepar'd, and sold by <persName id="OA17130925n47-1">
                  <interp inst="OA17130925n47-1" type="gender" value="male"/>
                  <interp inst="OA17130925n47-1" type="surname" value="CLARKE"/>
                  <interp inst="OA17130925n47-1" type="given" value="MATTHEW"/>Matthew Clarke</persName>, <rs id="OA17130925-occupation-21" type="occupation">Apothecary</rs>
               <join result="persNameOccupation" targOrder="Y"
                     targets="OA17130925n47-1 n48-1 OA17130925-occupation-21"/> in <placeName id="OA17130925-geo-42">
                  <interp inst="OA17130925-geo-42" type="type" value="urban_centre"/>
                  <join result="persNamePlace" targOrder="Y"
                        targets="OA17130925n47-1 n48-1 OA17130925-geo-42"/>
                  <placeName id="OA17130925-geo-43">
                     <join result="persNamePlace" targOrder="Y"
                           targets="OA17130925n47-1 n48-1 OA17130925-geo-43"/>
                     <placeName id="OA17130925-geo-44">
                        <join result="persNamePlace" targOrder="Y"
                              targets="OA17130925n47-1 n48-1 OA17130925-geo-44"/>Little Britain</placeName>, near West-Smithfield,</placeName> London</placeName>.</p>
            <p>N. B. All those that are desirous of selling this excellent Liquor, by applying themselves to the said <persName id="OA17130925n48-1">
                  <interp inst="OA17130925n48-1" type="gender" value="male"/>
                  <interp inst="OA17130925n48-1" type="surname" value="CLARKE"/>
                  <interp inst="OA17130925n48-1" type="given" value="MATTHEW"/>Matthew Clarke</persName>, shall find all fitting Encouragement.</p>
            <p>MEditations of a Divine Soul; or the Christians Guide amidst the various Opinions of a vain World, where Religion is the Language of all, but is only practis'd by one Community. Also Arguments to to prove there is no Material Fire in Hell. The irregular Practice of Imperious Clergy detected; ad the safest Way to Happiness made known: With an ingenious Recantation of a greater Proficient in the School of Atheism than the late Earl of Rochester; and several other Curious Subjects worthy of Note; particularly express'd in the Table of Contents. To which is added, an Essay of a retir'd Solitary Life: With an after-Thought on King William the Third. The Second Edition, Corrected and Enlarg'd; with several New Additions. London Printed, and Sold by J. Baker, at the Black-Boy in Pater-noster-row.</p>
            <p>Just publish'd, the 8th Edition of,</p>
            <p>THE Whiggs Unmask'd; being the Secret History of the Calves-head-Club, containing all their Treasonable Songs at their Kingkilling Clubs. Adorn'd with new Cuts. Much enlarg'd by a genuine Account of all the Plots and Cabals of the Whiggish Faction, against the Queen and Ministry, to this present Time, never before Printed, &amp;c. Sold by <persName id="OA17130925n51-1">
                  <interp inst="OA17130925n51-1" type="gender" value="male"/>
                  <interp inst="OA17130925n51-1" type="surname" value="MORPHEW"/>
                  <interp inst="OA17130925n51-1" type="given" value="JOHN"/>John Morphew</persName>, near <placeName id="OA17130925-geo-45">
                  <interp inst="OA17130925-geo-45" type="type" value="site"/>
                  <join result="persNamePlace" targOrder="Y"
                        targets="OA17130925n51-1 OA17130925-geo-45"/>Stationers-hall</placeName>. Where may be had <rs id="OA17130925-occupation-22" type="occupation">Sir</rs>
               <join result="persNameOccupation" targOrder="Y"
                     targets="OA17130925n51-2 OA17130925-occupation-22"/> 
               <persName id="OA17130925n51-2">
                  <interp inst="OA17130925n51-2" type="gender" value="male"/>
                  <interp inst="OA17130925n51-2" type="surname" value="Cavendish"/>
                  <interp inst="OA17130925n51-2" type="given" value="William"/>William Cavendish</persName>'s Memoirs of Cardinal Woolsey, containing all his Negociations and Treaties of Peace betwixt England and France. The Memoirs of Robert Earl of Leicester, Prime Minister and Favourite of Queen Elizabeth. The Virgin Unmask'd; or, Female Dialogues betwixt an Old Lady and a Virgin, on Love and Marriage, by Dr. Mandevil.</p>
         </div0>
      </body>
   </text>
</TEI.2>