<?xml version="1.0" encoding="ISO-8859-1"?>
<TEI.2>
   <text>
      <body>
         <div0 type="ordinarysAccount" id="OA17140922">
            <interp inst="OA17140922" type="uri" value="ordinarysAccounts/OA17140922"/>
            <interp inst="OA17140922" type="date" value="17140922"/>
            <xptr type="pageFacsimile" doc="OA171409220001"/>
            <p>THE Ordinary of NEWGATE HIS ACCOUNT OF The Behaviour, Confessions, and Last Speeches of the Malefactors that were Executed at Tyburn, on Wednesday the 22d of September, 1714.</p>
            <p>AT the General Sessions held at Justice-Hall in the Old-bailey, on Wednesday the 8th, Thursday the 9th, Friday the 10th, and Saturday the 11th of September 1714, Ten Persons, viz. Eight Men and Two Women, that were Try'd for, and brought in Guilty of diverse Captital Crimes, did accordingly receive Sentence of Death. But of these Ten Persons, One of the Women being found Pregnant, and Two of the Men having obtain'd a gracious Reprieve (which it highly imports them duly to improve) the rest are now order'd for Execution.</p>
            <p>While they were under this twofold melancholy State of Guilt and Condemnation, I constantly visited them, and had them, twice every day (save one Afternoon) brought up to the Chapel of Newgate, where I pray'd with them, read and expounded the Word of GOD to them giving them out of it such Instructions and Animadversions as were proper for them, in order to their making a due Preparation for their approaching Death and Judgment, that by a lively Faith and sincere Repentance, wrought in them by the Divine Spirit, and their devout Attention to that Sacred Word, they might obtain Mercy, Pardon, and Salvation, thro' Jesus Christ, the Redeeemer of all them that truly Believe and Repent.</p>
            <p>On the Lord's Day, the 12th instant, I preach'd to them, both in the Morning and Afternoon, upon these WORDS of GOD, Exod. XX. 13. Thou shalt not kill.</p>
            <p>Which Words I chose to discourse upon, because of two Murderers that were then under Condemnation; And having first explain'd them in general, I then spoke to these distinct Points, arising from them, in particular.</p>
            <p>I. The Heinous Nature of the Sin of Murder, with some of the most common Gradations leading to it, and the dismal Effects attending it.</p>
            <p>II. The Severe Punishment due to it, which in this World is unpardonable, as the Offence is irreparable.</p>
            <p>III. and lastly, The High Degree of Penitence, the Person guilty of such a High Crime, ought to endeavour to stir up himself to; crying bitterly with David in the 51st Psalm, at the 14th Verse; Deliver me from Bloodguiltiness, O God!</p>
            <xptr type="pageFacsimile" doc="OA171409220002"/>
            <p>These were the Points I largely treated of, on that Lord's Day.</p>
            <p>And on the next Lord's Day, which follow'd, i. e. the 19th instant, I preach'd to them, viz.</p>
            <p>In the Morning, upon Eccl. XI. the latter part of the 9th Verse; the Words being these - But know thou, that for all these things God will bring thee into Judgment.</p>
            <p>From which Words I shew'd these Five Things, viz.</p>
            <p>I. That there is a Judgment to come.</p>
            <p>II. That every Man shall be brought to that Judgment; which will be very strict and very severe against Obstinate and Impenitent Sinners.</p>
            <p>III. That it is GOD, the great Judge of all the World, who will bring Men to Judgment.</p>
            <p>IV. That the Matter of that Judgment, will be the Ways of Men's Hearts: Which implies their Thoughts, Words, and Actions.</p>
            <p>V. and lastly, That all this is most certain and evident from this positive Expression in the Text, Know thou: For here we may observe, Solomon does not say, Thou mayst Think; or, Thou mayst Suppose, or Believe; but KNOW; Know thou, that for all these Things [i. e. for thy evil Thoughts, wicked Words, and sinful Actions] GOD will bring thee into Judgment.</p>
            <p>In the Afternoon I preach'd upon Eccles. ix. 10. Whatsoever thy Hand findeth to do, do it with all thy Might; for there is no Work, nor Knowledge, nor Wisdom in the Grave, whither thou goest.</p>
            <p>Here I shew'd, That the Argument us'd by Solomon in the Text, to perswade Men not to slip, but presently take hold of the Opportunity they have in this Life to prepare for the next, in performing whatever they ought to do before they die, is this; That after Death there is nothing to be done that can any ways be available to their Good.</p>
            <p>To enforce this Truth, and press and inculcate it upon my Auditory, I did, with the wisest of Kings in this Book of Ecclesiastes, desire them seriously to reflect upon the Vanity of this present Life; and herein consider,</p>
            <p>I. The Shortness of it, and the Troubles attending it.</p>
            <p>II. The Eternity which is to follow. And,</p>
            <p>III. and lastly, The Great Work we have to do, before our short time in this World be expir'd, in order to our avoiding the Misery, and obtaining the Happiness of the World to come.</p>
            <p>Having enlarg'd upon all these Heads, I concluded both my Mornings and Afternoons Discourses with particular Exhortations and Admonitions to the Persons under Condemnation, whom I earnestly advis'd, and press'd by proper Arguments, seriously to consider of, and prepare for, their approaching great Change.</p>
            <p>And this was the great Subject I mostly treated of, and daily entertain'd them with, that I might (if possible) make them fit for a better</p>
            <xptr type="pageFacsimile" doc="OA171409220003"/>
            <p>Life, who had miserably forfeited the Privilege of continuing longer in this.</p>
            <p>In my private Examinations of them, they gave me the respective Accounts of themselves, which (with my own particular Observations of them, and occasional Advice to them) do here follow, viz.</p>
            <p>I. <persName id="OA17140922n29-1">
                  <interp inst="OA17140922n29-1" type="gender" value="male"/>
                  <interp inst="OA17140922n29-1" type="surname" value="NEALE"/>
                  <interp inst="OA17140922n29-1" type="given" value="JAMES"/>James Neale</persName>, alias <persName id="OA17140922n29-2">
                  <interp inst="OA17140922n29-2" type="gender" value="male"/>
                  <interp inst="OA17140922n29-2" type="surname" value="COBB"/>
                  <interp inst="OA17140922n29-2" type="given" value="JOHN"/>John Cobb</persName>, Condemn'd for Counterfeiting the current Coin of this Kingdom. He said, he was 28 Years of age, born in <placeName id="OA17140922-geo-1">
                  <interp inst="OA17140922-geo-1" type="type" value="county"/>
                  <join result="persNamePlace" targOrder="Y"
                        targets="OA17140922n29-1 n29-2 OA17140922-geo-1"/>Northamptonshire</placeName>, at a Place call'd <placeName id="OA17140922-geo-2">
                  <interp inst="OA17140922-geo-2" type="type" value="urban_centre"/>
                  <join result="persNamePlace" targOrder="Y"
                        targets="OA17140922n29-1 n29-2 OA17140922-geo-2"/>
                  <placeName id="OA17140922-geo-3">
                     <join result="persNamePlace" targOrder="Y"
                           targets="OA17140922n29-1 n29-2 OA17140922-geo-3"/>Helmedon</placeName>, near Oxford</placeName>; and, That he had liv'd above 12 Years in and about <placeName id="OA17140922-geo-4">
                  <interp inst="OA17140922-geo-4" type="type" value="urban_centre"/>
                  <join result="persNamePlace" targOrder="Y"
                        targets="OA17140922n29-1 n29-2 OA17140922-geo-4"/>London</placeName>, where he learnt (and that chiefly by Books) and <rs id="OA17140922-occupation-1" type="occupation">practised the Art of Chymistry</rs>
               <join result="persNameOccupation" targOrder="Y"
                     targets="OA17140922n29-1 n29-2 OA17140922-occupation-1"/>; in which he had made some useful Discovery, but for want of Money and Credit, he could not carry it on. And being thus under great Straits, he was, by some Persons he became acquainted with, who us'd to put off false Money, easily perswaded to try his Skill upon Coining, promising, that they would assist him therein, which they did; but he said, he had not practis'd it above 20 months; and now was very sensible of the Heinousness of his Crime, considering (which he did not before) the Universality of the Mischief occasion'd by it. He said, that (this Crime excepted) he could not charge himself with any other Sins than were common to Human Frailty; which he nevertheless very much bewail'd, and earnestly begg'd Pardon for; as he did in a special manner for this publick Injury he had committed; adding, That his Design was, to have quitted this wicked Trade, and return'd to an honest way of living, after he had gotten a little Money, whereby he might have set himself at work on what was lawful, either in Chymistry or <rs id="OA17140922-occupation-2" type="occupation">Watch-making</rs>
               <join result="persNameOccupation" targOrder="Y"
                     targets="OA17140922n29-1 n29-2 OA17140922-occupation-2"/>, to which latter he was brought up.</p>
            <p>2. <persName id="OA17140922n30-1">
                  <interp inst="OA17140922n30-1" type="gender" value="male"/>
                  <interp inst="OA17140922n30-1" type="surname" value="HULL"/>
                  <interp inst="OA17140922n30-1" type="given" value="JOHN"/>John Hull</persName>, <persName id="OA17140922n30-3">
                  <interp inst="OA17140922n30-3" type="gender" value="male"/>
                  <interp inst="OA17140922n30-3" type="surname" value="Barker"/>
                  <interp inst="OA17140922n30-3" type="given" value="John"/>alias Barker</persName>, which latter was his right Name, as being his own Father's, and the other his Father-in-Law's, by which he was often call'd: And this, he said, was the reason he had two Names. He was condemn'd with the aforesaid <persName id="OA17140922n30-2">
                  <interp inst="OA17140922n30-2" type="gender" value="male"/>
                  <interp inst="OA17140922n30-2" type="surname" value="NEALE"/>
                  <interp inst="OA17140922n30-2" type="given" value="JAMES"/>James Neale</persName>, for Counterfeiting the current Coin of this Kingdom; which (as he told me) his Poverty (together with the Perswasion of others) had brought him to the commission of. He said, he was 42 Years of age, born at <placeName id="OA17140922-geo-5">
                  <interp inst="OA17140922-geo-5" type="type" value="county"/>
                  <join result="persNamePlace" targOrder="Y"
                        targets="OA17140922n30-1 n30-3 OA17140922-geo-5"/>
                  <placeName id="OA17140922-geo-6">
                     <interp inst="OA17140922-geo-6" type="type" value="urban_centre"/>
                     <join result="persNamePlace" targOrder="Y"
                           targets="OA17140922n30-1 n30-3 OA17140922-geo-6"/>Colchester</placeName> in Essex</placeName>, where he serv'd an <rs id="OA17140922-occupation-3" type="occupation">Apprentiship of Seven Years with a Bake</rs>
               <join result="persNameOccupation" targOrder="Y"
                     targets="OA17140922n30-1 n30-3 OA17140922-occupation-3"/>r, and then came up to <placeName id="OA17140922-geo-7">
                  <interp inst="OA17140922-geo-7" type="type" value="urban_centre"/>
                  <join result="persNamePlace" targOrder="Y"
                        targets="OA17140922n30-1 n30-3 OA17140922-geo-7"/>London</placeName>, and was a <rs id="OA17140922-occupation-4" type="occupation">Journey man to several Bakers</rs>
               <join result="persNameOccupation" targOrder="Y"
                     targets="OA17140922n30-1 n30-3 OA17140922-occupation-4"/> alternately, at <placeName id="OA17140922-geo-8">
                  <interp inst="OA17140922-geo-8" type="type" value="parish"/>
                  <join result="persNamePlace" targOrder="Y"
                        targets="OA17140922n30-1 n30-3 OA17140922-geo-8"/>White-chapel</placeName>, and other Places in and near this City: That afterwards he went to <placeName id="OA17140922-geo-9">
                  <interp inst="OA17140922-geo-9" type="type" value="region"/>
                  <join result="persNamePlace" targOrder="Y"
                        targets="OA17140922n30-1 n30-3 OA17140922-geo-9"/>
                  <placeName id="OA17140922-geo-10">
                     <interp inst="OA17140922-geo-10" type="type" value="urban_centre"/>
                     <join result="persNamePlace" targOrder="Y"
                           targets="OA17140922n30-1 n30-3 OA17140922-geo-10"/>Dublin</placeName> in Ireland</placeName>, and there having work'd with a Baker for two Years, return'd to <placeName id="OA17140922-geo-11">
                  <interp inst="OA17140922-geo-11" type="type" value="urban_centre"/>
                  <join result="persNamePlace" targOrder="Y"
                        targets="OA17140922n30-1 n30-3 OA17140922-geo-11"/>London</placeName>, and set up for himself at <placeName id="OA17140922-geo-12">
                  <interp inst="OA17140922-geo-12" type="type" value="parish"/>
                  <join result="persNamePlace" targOrder="Y"
                        targets="OA17140922n30-1 n30-3 OA17140922-geo-12"/>Limehouse</placeName>. He own'd he had liv'd a wicked Life, being addicted to the foul Sin of Lewdness, and other wilful Sins, but of late years had in a great measure left them off; and that tho' he fell into this Crime of Coining, yet he did not intend to continue long in the Practice of it. Here I observ'd to him, (as I likewise did to the other) that in this appear'd the Devil's Artifice, who putting him upon a wicked Fact, in hopes of repenting, knew that when he was once engaged in't, he would find more Difficulty to get out of it, than it would have been at first for him to have kept himself from meddling with it.</p>
            <p>3. <persName id="OA17140922n31-1">
                  <interp inst="OA17140922n31-1" type="gender" value="male"/>
                  <interp inst="OA17140922n31-1" type="surname" value="PLUNKET"/>
                  <interp inst="OA17140922n31-1" type="given" value="HENRY"/>Henry Plunket</persName>, condemn'd for a barbarous Murder he had committed upon the Person of Mr. <persName id="OA17140922n31-2">
                  <interp inst="OA17140922n31-2" type="gender" value="male"/>
                  <interp inst="OA17140922n31-2" type="surname" value="le Brun"/>
                  <interp inst="OA17140922n31-2" type="given" value="Jean"/>Jean le Brun</persName>, in English <persName id="OA17140922n31-3">
                  <interp inst="OA17140922n31-3" type="gender" value="male"/>
                  <interp inst="OA17140922n31-3" type="surname" value="Brown"/>
                  <interp inst="OA17140922n31-3" type="given" value="John"/>John Brown</persName>, by cutting his Throat with a Razour, on the 30th of August last. He said, he was just 20 Years of age on the 3d Day of July last; That he was born at <placeName id="OA17140922-geo-13">
                  <interp inst="OA17140922-geo-13" type="type" value="region"/>
                  <join result="persNamePlace" targOrder="Y"
                        targets="OA17140922n31-1 OA17140922-geo-13"/>
                  <placeName id="OA17140922-geo-14">
                     <join result="persNamePlace" targOrder="Y"
                           targets="OA17140922n31-1 OA17140922-geo-14"/>Saar-Louis</placeName> in the Dutchy of Lorrain</placeName>, a Place under the Dominion of the King of France; That for the most part of his Life he had been <rs id="OA17140922-occupation-5" type="occupation">in the French Service</rs>
               <join result="persNameOccupation" targOrder="Y"
                     targets="OA17140922n31-1 OA17140922-occupation-5"/> in Italy, Germany, and Flanders; and, That when but ten Years of age, he had a Lieutenant's Com</p>
            <xptr type="pageFacsimile" doc="OA171409220004"/>
            <p>mission, under the Command of his Father Colonel Plunket, an Irish Gentleman, and a Relation of Father Plunket's, Primate of Ireland, (as he call'd him) who came to an Untimely End here in the Year 1679. As for himself, he said, That tho' he was made an Officer so young, (and therefore came to that Post of a Lieutenant more by Favour than Merit) yet, as he grew up, he shew'd himself worthy of it; for by his undaunted Courage he always faced, and never turn'd his Back to his Enemy. And so he would have gone on with a further Account of his Valiant Exploits, but I put a stop to it, by telling him, That the Consideration of those deserved Actions of his, would not in this Case have stood him in any stead, even with the King of France, in whose Service he was then engag'd, much less here in England, where such his Warlike Feats were unknown and useless: And besides, That as he own'd to me he was forc'd to fly out of the French Dominions for killing a Gentleman in a Duel there, so he could not with any colour of Reason expect that such a base Murder as he had committed here, and of which he was fairly convicted, should go unpunish'd. Here I endeavour'd to make him sensible of the greatness of his Offence, that he might duly repent of it, and so obtain God's Mercy; but he deny'd the Fact, and only own'd himself in general guilty of many Irregularities thro' the whole Course of his Life, for which he begg'd Pardon of God, and of those he had offended; but he would say no more as to the confessing in particular the Sins his Conscience was loaded with; telling me, that as he was a <rs id="OA17140922-occupation-6" type="occupation">Roman Catholick</rs>
               <join result="persNameOccupation" targOrder="Y"
                     targets="OA17140922n31-1 OA17140922-occupation-6"/>, so he did not think fit to open his Mind to me, but he would do it to a Father-Confessor of his own Religion, who would absolve him. Upon which I observ'd to him, that he seem'd to be more concern'd for, and depend more upon, his Priest's Absolution, than the to following the Sound Advice I gave him, of Praying to God for Grace to repent of all his Sins, in such a manner, as that his Repentance might be sincere, and effectual to Salvation, thro' the alone Merits of Jesus Christ. After I had thus spoken to him, he own'd to me, That he was Guilty, and justly Condemn'd: And would say no more.</p>
            <p>4. <persName id="OA17140922n33-1">
                  <interp inst="OA17140922n33-1" type="gender" value="female"/>
                  <interp inst="OA17140922n33-1" type="surname" value="HODGKIS"/>
                  <interp inst="OA17140922n33-1" type="given" value="JOYCE"/>Joyce Hodgkis</persName>, condemn'd for a Murder by her committed on the 18th of August last, upon the Person of <persName id="OA17140922n33-2">
                  <interp inst="OA17140922n33-2" type="gender" value="male"/>
                  <interp inst="OA17140922n33-2" type="surname" value="HODGKIS"/>
                  <interp inst="OA17140922n33-2" type="given" value="JOHN"/>John Hodgkis</persName> her Husband, who was a <rs id="OA17140922-occupation-7" type="occupation">Shoemaker</rs>
               <join result="persNameOccupation" targOrder="Y"
                     targets="OA17140922n33-2 OA17140922-occupation-7"/> by Trade. She said, she was about 42 Years of age, born in <placeName id="OA17140922-geo-15">
                  <interp inst="OA17140922-geo-15" type="type" value="county"/>
                  <join result="persNamePlace" targOrder="Y"
                        targets="OA17140922n33-1 OA17140922-geo-15"/>Staffordshire</placeName>, but from her Youth brought up in the <placeName id="OA17140922-geo-16">
                  <interp inst="OA17140922-geo-16" type="type" value="parish"/>
                  <join result="persNamePlace" targOrder="Y"
                        targets="OA17140922n33-1 OA17140922-geo-16"/>Parish of Shadwell</placeName>, and thence remov'd to <placeName id="OA17140922-geo-17">
                  <interp inst="OA17140922-geo-17" type="type" value="parish"/>
                  <join result="persNamePlace" targOrder="Y"
                        targets="OA17140922n33-1 OA17140922-geo-17"/>Limehouse</placeName>, about 15 Years since, where she was married to the said <persName id="OA17140922n33-3">
                  <interp inst="OA17140922n33-3" type="gender" value="male"/>
                  <interp inst="OA17140922n33-3" type="surname" value="HODGKIS"/>
                  <interp inst="OA17140922n33-3" type="given" value="JOHN"/>John Hodgkis</persName>, who prov'd a very cruel Husband to her all the time she was his Wife, which was Fourteen Years. When I first examin'd her, before her Condemnation, about this barbarous Fact she was committed for, she deny'd it: And in that her Denial she persisted for a great while after she had received Sentence of Death; but at last she confess'd it, saying, That in her Passion she gave him the Wound he dy'd of, bu did not design to have killed him: And now she was made sensible, that tho' her Husband was such a wicked Person as she had represented him, who dealt very ill with her, in using her most unmercifully, yet she ought not to have taken his Life away for that, but have endeavour'd by some proper Means (as having the Minister of their Parish, or some other serious Person, to discourse him) to bring him to a better Temper. This she acknowledg'd was a Fault in her, that she did not use such a Method, but instead thereof took a Course with him as rid her of him indeed, but brought a Guilt and Trouble upon her, more than she ever had before. I found her very ignorant in Matters of Religion, tho' she said she went frequently to Church; but not being able to read, she had not that Advantage of understanding Good Things, which they have who were brought up to Reading, and to know the Principles of the Christian Religion from their Youth. She being found Guilty of a Crime which the Law calls Petty-Treason, she was order'd to be, and so accordingly was Burnt for it, as I shall observe by and by.</p>
            <xptr type="pageFacsimile" doc="OA171409220005"/>
            <p>5. <persName id="OA17140922n34-1">
                  <interp inst="OA17140922n34-1" type="gender" value="male"/>
                  <interp inst="OA17140922n34-1" type="surname" value="TREVOR"/>
                  <interp inst="OA17140922n34-1" type="given" value="THOMAS"/>Thomas Trevor</persName>, condemn'd for Burglary, in breaking open the House of Mr. <persName id="OA17140922n34-2">
                  <interp inst="OA17140922n34-2" type="gender" value="male"/>
                  <interp inst="OA17140922n34-2" type="surname" value="STEVENS"/>
                  <interp inst="OA17140922n34-2" type="given" value="WILLIAM"/>William Stevens</persName>, and stealing thence several Goods of Value, on the 8th of July last. He said, he would not give me any other Account of what he was, or had been, but this only, That he had <rs id="OA17140922-occupation-8" type="occupation">serv'd King William and the late Queen above Twenty Years in the Army</rs>
               <join result="persNameOccupation" targOrder="Y"
                     targets="OA17140922n34-1 OA17140922-occupation-8"/>; and the World should know no more of him from his own Confession: But to this I answer'd, That whether he would make any Confession, or no, I knew, and the World knew too well, that he had been an Old Offender, who had committed very many ill Facts, and that he had receiv'd Sentence of Death at the Old-baily before this time, and afterwards obtain'd a Pardon, which he pleaded there on the 12th day of August, 1713; but having abused that Mercy by committing new Crimes since, had now brought himself to this shameful End and Destruction. To which I added, That if he did not sincerely repent of all his Sins, which he could not but be sensible were many and great, he would perish for ever; and therefore ought seriously to consider it betimes, for his Life, yea, his Eternal Life, depended upon't. With this he seem'd to be somewhat touch'd, and to relent: But yet I cannot say that he was, as I wish'd he had been, brought up to a just degree of Contrition and Penitence, and an earnest Desire of God's Pardon for them: For (in short) he appear'd to be very obstinate, and to think, that less Repentance would serve his turn, whose Sins he thought did not make him so heinous an Offender in the Sight of God, as theirs did who had committed wilful Murder; of which Crime, he said, he never was guilty. Here finding him to build too much on his Innocence, or at least, less Sinfulness, I told him, That as God was so gracious as to forgive the greatest of Sins on true Repentance, so He would in his Justice most certainly punish the Sinner with Eternal Damnation, who would venture to die in the Guilt of the least Sin unrepented of. At last he own'd, he was concern'd in the Burglary he was condemn'd for, and had in many other respects been a great Offender.</p>
            <p>6. <persName id="OA17140922n35-2">
                  <interp inst="OA17140922n35-2" type="gender" value="male"/>
                  <interp inst="OA17140922n35-2" type="surname" value="La Tour"/>
                  <interp inst="OA17140922n35-2" type="given" value="Peter"/>Peter La Tour</persName>, corruptedly call'd<persName id="OA17140922n35-3">
                  <interp inst="OA17140922n35-3" type="gender" value="male"/>
                  <interp inst="OA17140922n35-3" type="surname" value="Letune"/>
                  <interp inst="OA17140922n35-3" type="given" value="Peter"/> Letune</persName>, said he was 20 Years of Age, born in <placeName id="OA17140922-geo-18">
                  <interp inst="OA17140922-geo-18" type="type" value="urban_centre"/>
                  <join result="persNamePlace" targOrder="Y"
                        targets="OA17140922n35-2 n35-3 OA17140922-geo-18"/>
                  <placeName id="OA17140922-geo-19">
                     <interp inst="OA17140922-geo-19" type="type" value="street"/>
                     <join result="persNamePlace" targOrder="Y"
                           targets="OA17140922n35-2 n35-3 OA17140922-geo-19"/>Fleet street</placeName>, London</placeName>; That his Father was a Frenchman, and an Officer in the Service of King William the Third of Ever-blessed Memory, and his Mother an Englishwoman: That he was <rs id="OA17140922-occupation-9" type="occupation">brought up to the Sea</rs>
               <join result="persNameOccupation" targOrder="Y"
                     targets="OA17140922n35-2 n35-3 OA17140922-occupation-9"/>, and serv'd on Board several Men of War, and the last Ship he serv'd in was the Bedford: That having left that Service for some Years past, he betook himself to very ill Courses, and committed several Felonies, all of which (one excepted) he being try'd for, and found guilty of, he was several times burnt in the Hand, and sent to the Workhouse. He confess'd his Guilt of the Burglary he stood now condemn'd for, which was the Breaking open the House of Mr. <persName id="OA17140922n35-1">
                  <interp inst="OA17140922n35-1" type="gender" value="male"/>
                  <interp inst="OA17140922n35-1" type="surname" value="PALMER"/>
                  <interp inst="OA17140922n35-1" type="given" value="JOHN"/>John Palmer</persName> at <placeName id="OA17140922-geo-20">
                  <interp inst="OA17140922-geo-20" type="type" value="parish"/>
                  <join result="persNamePlace" targOrder="Y"
                        targets="OA17140922n35-1 n35-2 n35-3 OA17140922-geo-20"/>Edmonton</placeName>, taking thence diverse Goods, on the 27th of July last. Of which Fact, and other Sins by him committed, he said he heartily repented; and gave some demonstration of his Gref, by his Cries and Tears, and other Expressions of the Sense he had of the heinousness of that wicked Course of Life which he had led.</p>
            <p>7. <persName id="OA17140922n36-1">
                  <interp inst="OA17140922n36-1" type="gender" value="male"/>
                  <interp inst="OA17140922n36-1" type="surname" value="TINSLEY"/>
                  <interp inst="OA17140922n36-1" type="given" value="THOMAS"/>Thomas Tinsley</persName>, condemn'd for the Stealing of a dark-brown Mare, out of the Grounds of Mr. <persName id="OA17140922n36-2">
                  <interp inst="OA17140922n36-2" type="gender" value="male"/>
                  <interp inst="OA17140922n36-2" type="surname" value="GODDARD"/>
                  <interp inst="OA17140922n36-2" type="given" value="THOMAS"/>Thomas Goddard</persName>, on the 17th of April last, as also for stealing another Mare (a black one) out of the Grounds of Mr. <persName id="OA17140922n36-3">
                  <interp inst="OA17140922n36-3" type="gender" value="male"/>
                  <interp inst="OA17140922n36-3" type="surname" value="MITCHELL"/>
                  <interp inst="OA17140922n36-3" type="given" value="WILLIAM"/>William Mitchell</persName>, on the 11th of May last. He said he was 28 Years of Age, born at <placeName id="OA17140922-geo-21">
                  <interp inst="OA17140922-geo-21" type="type" value="county"/>
                  <join result="persNamePlace" targOrder="Y"
                        targets="OA17140922n36-1 OA17140922-geo-21"/>
                  <placeName id="OA17140922-geo-22">
                     <interp inst="OA17140922-geo-22" type="type" value="parish"/>
                     <join result="persNamePlace" targOrder="Y"
                           targets="OA17140922n36-1 OA17140922-geo-22"/>South-Myns</placeName> in Middlesex</placeName>; That about 8 Years since he went to <placeName id="OA17140922-geo-23">
                  <interp inst="OA17140922-geo-23" type="type" value="county"/>
                  <join result="persNamePlace" targOrder="Y"
                        targets="OA17140922n36-1 OA17140922-geo-23"/>
                  <placeName id="OA17140922-geo-24">
                     <interp inst="OA17140922-geo-24" type="type" value="parish"/>
                     <join result="persNamePlace" targOrder="Y"
                           targets="OA17140922n36-1 OA17140922-geo-24"/>Totteridge</placeName> in Hartfordshire</placeName>, and there follow'd <rs id="OA17140922-occupation-10" type="occupation">Husbandry</rs>
               <join result="persNameOccupation" targOrder="Y"
                     targets="OA17140922n36-1 OA17140922-occupation-10"/>, and was a <rs id="OA17140922-occupation-11" type="occupation">Servant</rs>
               <join result="persNameOccupation" targOrder="Y"
                     targets="OA17140922n36-1 OA17140922-occupation-11"/> to three or four Farmers alternately; and, That he had all-along behav'd himself faithfully in his several Services, and never committed any such Facts before as these he was now condemn'd for; which he readily acknowledged, and pray'd God to forgive him.</p>
            <p>He was a poor ignorant Person, Yet he became very sensible that his Poverty; which at first he alledg'd for an Excuse of his Crime, was not a good Argument, for that could not alter the nature of his Offence, therefore such a Plea would avail him nothing at God's Tribunal, as it was of no force in Courts of Judicature among Men: But what was fit for him to do in the sad Circumstances he had brought himself into by his Sins, was truly to repent, and to that end raise in himself a just abhorrence of 'em, considering how displeasing they were to God, as well as hurtful to his Neighbour, and also to his own Soul. And here I gave him some particular Directions how he might perform this Duty, and by such a Performance</p>
            <xptr type="pageFacsimile" doc="OA171409220006"/>
            <p>(thro' the Divine Grace, and the Merits of Christ) obtain Eternal Life and Salvation. He receiv'd these my Instructions and Admonitions (as it appear'd) with a desire to follow them; but his great Illness of Body (being sick of a Fever) joyn'd to his want of Knowledg, render'd it very difficult, and made his Progress therein very slow. However, as he seem'd to do whatever he could in it, so I hope the Lord has accepted both of it and of him, out of his boundless Mercy in Jesus Christ.</p>
            <p>At the Place of Execution, to which the two Coiners were drawn in a Sledge, and the other Five carried in two Carts this Day, I attended them for the last time, and (according to my usual manner) exhorted them to clear their Consciences, and repent of all their Sins, to their utmost ability, earnestly praying God to assist them, and comfort them with extraordinary Grace at this time of their great Need and Distress, that after their departure out of this miserable World, in which they had so much offended both GOD and Man, they might be fitted for Admittance into the Mansions of Bliss and Glory, where they should sing Praises to God to all Eternity. To help them therein, and excite their Desires thereto, after many Ghostly Admonitions, which I gave them, I pray'd for them, sung some Penitential Psalms with them, and made them rehearse the Apostles Creed: And then commending their Souls to the boundless Mercy of God, I left them to their private Devotions; who, after they had spoke to the People to this purpose, That they should take Warning by them, &amp;c. and pray'd a while by themselves, the Cart drew away, and the Men were turn'd off, calling all the while upon God to have Mercy upon their departing Souls, and receive them into his Heavenly Kingdom.</p>
            <p>After the Men were thus turn'd off, the Woman (i. e. <persName id="OA17140922n40-1">
                  <interp inst="OA17140922n40-1" type="gender" value="female"/>
                  <interp inst="OA17140922n40-1" type="surname" value="HODGKIS"/>
                  <interp inst="OA17140922n40-1" type="given" value="JOYCE"/>Joyce Hodgkis</persName>) was ty'd to a Stake, set up for her at a little distance from the Gallows, where I pray'd by her; And when I had done, then the Fuel and combustible Matters, that were there prepared, being placed round her, and set on fire, she was burnt.</p>
            <p>This is all the Account here to be given of these Malefactors, by me</p>
            <p>
               <persName id="OA17140922n42-1">
                  <interp inst="OA17140922n42-1" type="gender" value="male"/>
                  <interp inst="OA17140922n42-1" type="surname" value="LORRAIN"/>
                  <interp inst="OA17140922n42-1" type="given" value="PAUL"/>PAUL LORRAIN</persName>, <rs id="OA17140922-occupation-12" type="occupation">Ordinary</rs>
               <join result="persNameOccupation" targOrder="Y"
                     targets="OA17140922n42-1 OA17140922-occupation-12"/>.</p>
            <p>Wednesday, Sept. 22d 1714.</p>
            <p>ADVERTISEMENT.</p>
            <p>THis is to give Notice to all Gentlemen, Booksellers, and others, That there is lately publish'd a new sett of Cuts, adapted to several sizes of Common-prayers, all new Designs, by Mr. Gocree of Amsterdam; engrav'd by P. Vandergucht. Likewise Mr. Sturt's Cuts. Sold by <persName id="OA17140922n45-1">
                  <interp inst="OA17140922n45-1" type="gender" value="male"/>
                  <interp inst="OA17140922n45-1" type="surname" value="WHITLEDGE"/>
                  <interp inst="OA17140922n45-1" type="given" value="ROBERT"/>ROBERT WHITLEDGE</persName>, at <placeName id="OA17140922-geo-25">
                  <join result="persNamePlace" targOrder="Y"
                        targets="OA17140922n45-1 OA17140922-geo-25"/>
                  <placeName id="OA17140922-geo-26">
                     <interp inst="OA17140922-geo-26" type="type" value="street"/>
                     <join result="persNamePlace" targOrder="Y"
                           targets="OA17140922n45-1 OA17140922-geo-26"/>
                     <placeName id="OA17140922-geo-27">
                        <interp inst="OA17140922-geo-27" type="type" value="site"/>
                        <join result="persNamePlace" targOrder="Y"
                              targets="OA17140922n45-1 OA17140922-geo-27"/>the Bible and Ball</placeName> in Ave-Maria-Lane</placeName>, near Ludgate</placeName>; where may be had all sorts of Bibles, either in Folio, Quarto, Octavo, Twelves, or other sizes; Common-prayers in Folio, for the use of Churches; Commonprayers in 8� &amp; 12�. A New Edition of the Book of Homilies, in folio. All neatly bound. The Duty of Man's Works of all sizes; Duty of Man in Latin; Latin and Welsh Common-prayers; Tate and Brady's new Version of Psalms, with the new Supplement: Dr. Gibson on the Sacrament, Mr. Clutterbuck on the Liturgy; The Statutes at large, in 3 vol. Bp Beveridge's Sermons and private Thoughts, &amp;c.</p>
            <p>This Day is Publish'd,</p>
            <p>THE Works of <persName id="OA17140922n47-2">
                  <interp inst="OA17140922n47-2" type="gender" value="male"/>
                  <interp inst="OA17140922n47-2" type="surname" value="Villiers"/>
                  <interp inst="OA17140922n47-2" type="given" value="George"/>George Villiers</persName> 
               <rs id="OA17140922-occupation-13" type="occupation">Duke of Buckingham</rs>
               <join result="persNameOccupation" targOrder="Y"
                     targets="OA17140922n47-2 OA17140922-occupation-13"/>, in 2 Vols, being a compleat Collection of his Plays and Poetry. Adorn'd with Cuts. To which is added, A Collection of the most remarkable Speeches, Debates, and Conferences of the most eminent Statesmen on both sides in the House of Lords and Commons, from the Year 1640 to the present Time. Printed for <persName id="OA17140922n47-3">
                  <interp inst="OA17140922n47-3" type="gender" value="male"/>
                  <interp inst="OA17140922n47-3" type="surname" value="Briscoe"/>
                  <interp inst="OA17140922n47-3" type="given" value="Sam"/>Sam. Briscoe</persName>, and Sold by <persName id="OA17140922n47-1">
                  <interp inst="OA17140922n47-1" type="gender" value="male"/>
                  <interp inst="OA17140922n47-1" type="surname" value="BURLEIGH"/>
                  <interp inst="OA17140922n47-1" type="given" value="FERDINANDO"/>Ferdinando Burleigh</persName> in <placeName id="OA17140922-geo-28">
                  <interp inst="OA17140922-geo-28" type="type" value="street"/>
                  <join result="persNamePlace" targOrder="Y"
                        targets="OA17140922n47-1 OA17140922-geo-28"/>Amen-Corner</placeName>.</p>
            <p>Just Publish'd, the 2d Edition of</p>
            <p>THE History of the Lutheran Church; or, the Religion of our present Sovereign King GEORGE, agreeable to the Tenets of the Church of the Church of England. Being an Essay to unite all good Chrstians in Opposition to the Principles of the Church of Rome, <persName id="OA17140922n49-1">
                  <interp inst="OA17140922n49-1" type="gender" value="male"/>
                  <interp inst="OA17140922n49-1" type="surname" value="CALVIN"/>
                  <interp inst="OA17140922n49-1" type="given" value="JOHN"/>John Calvin</persName>, and <persName id="OA17140922n49-2">
                  <interp inst="OA17140922n49-2" type="gender" value="male"/>
                  <interp inst="OA17140922n49-2" type="surname" value="BEZA"/>
                  <interp inst="OA17140922n49-2" type="given" value="THEODORE"/>Theodore Beza</persName>. By a Gentleman-Commoner of Magdalen-College in Oxford. Sold by J. Morphew near Stationers-hall. Price 6 d.</p>
            <p>The History of the Lives of the most noted highwaymen, Footpad, house breakers Shoplifters, &amp;c. of both Sexes in and about London, and other parts of Great Britain, for above fifty Years last past; wherein the Secret History of their several Robberies, Thefts, Cheats, and Murthers committed by Malefactors who were executed this last Assizes throughout the Kingdom, with their Confessions, &amp;c with Rules to prevent Peoples being robb'd for the future. By <rs id="OA17140922-occupation-14" type="occupation">Capt</rs>
               <join result="persNameOccupation" targOrder="Y"
                     targets="OA17140922n50-1 OA17140922-occupation-14"/>. <persName id="OA17140922n50-1">
                  <interp inst="OA17140922n50-1" type="gender" value="male"/>
                  <interp inst="OA17140922n50-1" type="surname" value="Smith"/>
                  <interp inst="OA17140922n50-1" type="given" value="Alex"/>Alex. Smith</persName>. Sold by J. Morphew near Stationers-hall, &amp; A. Dodd without Temple-bar. In 3 Volumes.</p>
            <p>Just publish'd in a neat Pocket Volume, and printed on an Elzevir Letter,</p>
            <p>POsthumous Works in Prose and Verse, written in the Time of the Civil Wars, and Reign of King Charles the 2d, by Mr. <persName id="OA17140922n52-1">
                  <interp inst="OA17140922n52-1" type="gender" value="male"/>
                  <interp inst="OA17140922n52-1" type="surname" value="BUTLER"/>
                  <interp inst="OA17140922n52-1" type="given" value="SAMUEL"/>Samuel Butler</persName>, Author of Hudibras, from Original MSS. and scarce and valuable Pieces formerly Printed; with a Key to Hudibras by <rs id="OA17140922-occupation-15" type="occupation">Sir</rs>
               <join result="persNameOccupation" targOrder="Y"
                     targets="OA17140922n52-2 OA17140922-occupation-15"/> 
               <persName id="OA17140922n52-2">
                  <interp inst="OA17140922n52-2" type="gender" value="male"/>
                  <interp inst="OA17140922n52-2" type="surname" value="L'ESTRANGE"/>
                  <interp inst="OA17140922n52-2" type="given" value="ROGER"/>Roger L'Estrange</persName>. Printed for R. Smith and <persName id="OA17140922n52-5">
                  <interp inst="OA17140922n52-5" type="gender" value="male"/>
                  <interp inst="OA17140922n52-5" type="surname" value="Strahan"/>
                  <interp inst="OA17140922n52-5" type="given" value="Geo"/>Geo. Strahan</persName> at the <placeName id="OA17140922-geo-29">
                  <interp inst="OA17140922-geo-29" type="type" value="site"/>
                  <join result="persNamePlace" targOrder="Y"
                        targets="OA17140922n52-5 OA17140922-geo-29"/>Royal Exchange</placeName>, <persName id="OA17140922n52-3">
                  <interp inst="OA17140922n52-3" type="gender" value="male"/>
                  <interp inst="OA17140922n52-3" type="surname" value="BROWN"/>
                  <interp inst="OA17140922n52-3" type="given" value="JONAS"/>Jonas Brown</persName> 
               <placeName id="OA17140922-geo-30">
                  <interp inst="OA17140922-geo-30" type="type" value="site"/>
                  <join result="persNamePlace" targOrder="Y"
                        targets="OA17140922n52-3 OA17140922-geo-30"/>without Temple-bar</placeName>, <persName id="OA17140922n52-4">
                  <interp inst="OA17140922n52-4" type="gender" value="male"/>
                  <interp inst="OA17140922n52-4" type="surname" value="GRAVES"/>
                  <interp inst="OA17140922n52-4" type="given" value="JOHN"/>John Graves</persName> 
               <placeName id="OA17140922-geo-31">
                  <interp inst="OA17140922-geo-31" type="type" value="street"/>
                  <join result="persNamePlace" targOrder="Y"
                        targets="OA17140922n52-4 OA17140922-geo-31"/>
                  <placeName id="OA17140922-geo-32">
                     <interp inst="OA17140922-geo-32" type="type" value="site"/>
                     <join result="persNamePlace" targOrder="Y"
                           targets="OA17140922n52-4 OA17140922-geo-32"/>next White's Chocolate-house</placeName> in St. James's-street</placeName>, and Sold by J. Morphew near Stationers-hall.</p>
            <p>London Printed, and are to be Sold by J. Morphew, near Stationers-hall.</p>
         </div0>
      </body>
   </text>
</TEI.2>