publicid,eventtype,origintime,modificationtime,longitude, latitude, magnitude, depth,magnitudetype,depthtype,evaluationmethod,evaluationstatus,evaluationmode,earthmodel,usedphasecount,usedstationcount,magnitudestationcount,minimumdistance,azimuthalgap,originerror,magnitudeuncertainty
2018p371534,,2018-05-18T11:13:48.826Z,2018-05-18T11:15:55.741Z,176.469659,-38.10063545,2.123583253,93.125,M,,NonLinLoc,,automatic,nz3drx,18,18,11,0.3996779802,94.08602902,1.036195008,0
2018p371524,,2018-05-18T11:08:07.588Z,2018-05-18T11:11:14.319Z,176.4213445,-38.63584892,2.570467678,35.9375,M,,NonLinLoc,,automatic,nz3drx,22,22,11,0.3208135882,89.12864378,1.012353739,0
2018p371522,,2018-05-18T11:07:52.580Z,2018-05-18T11:10:15.835Z,177.8005036,-37.53871863,2.432240763,60.3125,M,,NonLinLoc,,automatic,nz3drx,39,39,18,0.2187671089,200.7200383,1.558857835,0
2018p371484,,2018-05-18T10:46:53.212Z,2018-05-18T10:50:03.338Z,176.6698303,-37.55683003,2.93113372,161.5625,M,,NonLinLoc,,automatic,nz3drx,70,70,36,0.3066688519,132.3083636,2.207907053,0
2018p371414,,2018-05-18T10:09:46.453Z,2018-05-18T10:11:14.894Z,177.4013225,-37.57460592,2.139610088,9.21875,M,,NonLinLoc,,automatic,nz3drx,12,12,6,0.1725107843,164.8892172,1.205659039,0
2018p371326,,2018-05-18T09:22:33.843Z,2018-05-18T09:23:28.243Z,175.7468805,-39.42125632,0.3955827973,16.015625,M,,NonLinLoc,,automatic,nz3drx,12,12,3,0.01374146236,173.5852352,0.2933324958,0
2018p371321,,2018-05-18T09:19:53.132Z,2018-05-18T09:22:16.340Z,171.4460281,-43.21087006,2.541413851,9.921875,M,,NonLinLoc,,automatic,nz3drx,26,26,11,0.3342688908,74.23632231,0.890130351,0
2018p371318,,2018-05-18T09:18:29.665Z,2018-05-18T09:24:32.469Z,176.9200689,-39.56516813,2.381120469,21.640625,M,,NonLinLoc,,automatic,nz3drx,47,47,31,0.1502650084,78.59307794,0.6149078238,0
2018p371314,,2018-05-18T09:16:13.315Z,2018-05-18T09:18:15.776Z,175.3994568,-40.17857509,1.977622091,35.9375,M,,NonLinLoc,,automatic,nz3drx,10,10,6,0.4988484267,127.3267683,0.380691477,0
2018p371300,,2018-05-18T09:08:52.479Z,2018-05-18T09:17:36.124Z,177.0876025,-38.64670882,2.134910741,5.1171875,M,,NonLinLoc,,automatic,nz3drx,41,41,24,0.08766293237,36.91268456,0.657875332,0
2018p371293,,2018-05-18T09:05:24.474Z,2018-05-18T09:16:38.512Z,176.2109804,-39.59036304,2.424557835,34.765625,M,,NonLinLoc,,automatic,nz3drx,57,57,33,0.1322393658,45.94527842,0.5085688498,0
2018p371165,,2018-05-18T07:56:51.342Z,2018-05-18T08:00:19.970Z,178.3761904,-37.60993433,2.485882295,24.6875,M,,NonLinLoc,,automatic,nz3drx,28,28,15,0.07012838255,223.9941677,0.7386264834,0
2018p371129,,2018-05-18T07:38:07.417Z,2018-05-18T07:39:15.584Z,175.6081371,-39.38453116,0.6309914016,5.9375,M,,NonLinLoc,,automatic,nz3drx,11,11,3,0.05616660838,177.8677586,0.5155314188,0
2018p371093,,2018-05-18T07:18:22.970Z,2018-05-18T07:19:35.800Z,170.8156614,-43.2896891,1.763612547,5.234375,M,,NonLinLoc,,automatic,nz3drx,10,10,2,0.2227481247,80.79294649,0.5439952319,0
2018p371035,,2018-05-18T06:47:43.626Z,2018-05-18T06:50:46.492Z,176.8043117,-39.86245557,2.425779057,40.15625,M,,NonLinLoc,,automatic,nz3drx,47,47,25,0.08820564314,116.4075278,0.6506600545,0
2018p371032,,2018-05-18T06:46:16.709Z,2018-05-18T06:48:17.471Z,176.3895967,-40.52413749,1.894014576,15.078125,M,,NonLinLoc,,automatic,nz3drx,13,13,8,0.09198279324,169.0738885,0.370921543,0
2018p371023,,2018-05-18T06:41:52.136Z,2018-05-18T06:44:39.443Z,177.1675818,-37.01577308,2.685497979,119.375,M,,NonLinLoc,,automatic,nz3drx,24,24,13,0.8682075927,215.1254805,2.306121884,0
2018p370809,,2018-05-18T04:47:34.682Z,2018-05-18T04:49:20.901Z,174.8080042,-39.5620345,1.951158803,26.09375,M,,NonLinLoc,,automatic,nz3drx,15,15,7,0.2349917829,78.84728736,0.4968316557,0
2018p370790,,2018-05-18T04:37:18.593Z,2018-05-18T04:41:08.074Z,174.4923665,-41.53001352,2.524355715,10.859375,M,,NonLinLoc,,automatic,nz3drx,39,39,18,0.3056072408,124.9668659,1.472566797,0
2018p370780,,2018-05-18T04:32:00.140Z,2018-05-18T04:36:28.395Z,176.0761892,-38.35686269,3.628276704,143.28125,M,,NonLinLoc,,automatic,nz3drx,157,157,106,0.02769116215,45.85248798,1.377659502,0
2018p370750,,2018-05-18T04:15:41.858Z,2018-05-18T04:18:25.446Z,175.4519069,-40.90296739,2.28030113,22.109375,M,,NonLinLoc,,automatic,nz3drx,24,24,13,0.04794491397,43.80310519,0.4950846927,0
2018p370747,,2018-05-18T04:14:30.026Z,2018-05-18T04:17:29.597Z,173.710197,-41.98005361,2.851407332,14.375,M,,NonLinLoc,,automatic,nz3drx,37,37,17,0.2919513889,124.9782332,1.445922252,0
2018p370738,,2018-05-18T04:09:42.961Z,2018-05-18T04:11:31.351Z,173.7488261,-41.97117118,2.164202167,15.3125,M,,NonLinLoc,,automatic,nz3drx,15,15,5,0.2724244372,150.4202543,0.5889280768,0
2018p370723,,2018-05-18T04:01:24.159Z,2018-05-18T04:03:38.593Z,173.6996748,-41.96806513,2.646070345,15.78125,M,,NonLinLoc,,automatic,nz3drx,10,10,6,0.2847268679,137.5679252,0.4772894394,0
2018p370720,,2018-05-18T03:59:43.650Z,2018-05-18T04:02:55.713Z,173.7474475,-42.01952173,3.57347188,18.59375,M,,NonLinLoc,,automatic,nz3drx,72,72,48,0.3185007122,128.3478829,1.665852741,0
2018p370593,,2018-05-18T02:52:24.138Z,2018-05-18T02:54:50.603Z,175.9166016,-40.49583951,2.715850006,5.46875,M,,NonLinLoc,,automatic,nz3drx,21,21,15,0.07219509925,187.0254393,1.908590587,0
2018p370587,earthquake,2018-05-18T02:49:32.976Z,2018-05-18T09:16:01.801Z,175.2624664,-41.17365646,1.544711243,22.77991676,M,,LOCSAT,confirmed,manual,iasp91,17,9,6,0.1622664332,86.02041626,0.3611228203,0
2018p370538,,2018-05-18T02:22:39.279Z,2018-05-18T02:25:05.601Z,175.9009987,-38.93663354,2.254410217,126.875,M,,NonLinLoc,,automatic,nz3drx,29,29,13,0.462052662,120.4830601,1.303897675,0
2018p370509,,2018-05-18T02:07:34.874Z,2018-05-18T02:10:05.484Z,176.0792452,-38.63201669,2.54239538,155.9375,M,,NonLinLoc,,automatic,nz3drx,45,45,22,0.5673936635,193.1817009,1.725869827,0
2018p370330,,2018-05-18T00:32:19.872Z,2018-05-18T00:33:57.698Z,175.75938,-40.83541064,2.166093333,24.921875,M,,NonLinLoc,,automatic,nz3drx,21,21,14,0.1127435356,59.16160496,0.4355073707,0
2018p370308,,2018-05-18T00:20:10.741Z,2018-05-18T00:21:06.583Z,175.4535524,-39.09803674,0.9061761627,5.46875,M,,NonLinLoc,,automatic,nz3drx,10,10,4,0.02795403354,131.3436418,0.4595384509,0
2018p370238,,2018-05-17T23:43:09.337Z,2018-05-17T23:45:06.504Z,176.4741293,-38.79747548,2.088411708,47.1875,M,,NonLinLoc,,automatic,nz3drx,11,11,5,0.2888157431,109.9380668,1.053647995,0
2018p370067,,2018-05-17T22:11:58.855Z,2018-05-17T22:42:50.498Z,174.2985434,-41.69530203,1.732911571,14.84375,M,,NonLinLoc,,automatic,nz3drx,10,10,6,0.08456067759,154.3410158,0.4889018811,0
2018p370009,,2018-05-17T21:41:01.880Z,2018-05-17T22:42:46.979Z,177.0311629,-38.93366975,1.68598644,31.484375,M,,NonLinLoc,,automatic,nz3drx,14,14,6,0.04613239117,86.94579518,0.4342525145,0
2018p370003,,2018-05-17T21:37:49.432Z,2018-05-17T21:39:33.577Z,174.4494688,-41.54960234,2.130949012,15.78125,M,,NonLinLoc,,automatic,nz3drx,18,18,10,0.269205376,124.7358299,0.4529520363,0
2018p369961,,2018-05-17T21:15:19.477Z,2018-05-17T21:16:54.421Z,172.744156,-41.32075455,1.511158355,99.6875,M,,NonLinLoc,,automatic,nz3drx,14,14,3,0.07894678716,102.9062434,0.8106954643,0
2018p369937,,2018-05-17T21:02:29.288Z,2018-05-17T21:04:59.335Z,172.8037188,-41.91013401,2.423969024,80.9375,M,,NonLinLoc,,automatic,nz3drx,16,16,5,0.1641429622,71.09122676,0.5902715264,0
2018p369792,,2018-05-17T19:46:27.776Z,2018-05-17T19:49:03.335Z,176.5043204,-38.42172106,2.481582789,205.625,M,,NonLinLoc,,automatic,nz3drx,42,42,18,0.2131590136,168.1774018,2.386176578,0
2018p369766,,2018-05-17T19:31:26.242Z,2018-05-17T19:34:29.667Z,174.1527795,-41.67850925,2.692654242,17.890625,M,,NonLinLoc,,automatic,nz3drx,40,40,22,0.08489637801,65.65258595,1.084399218,0
2018p369581,,2018-05-17T17:53:13.549Z,2018-05-17T17:55:16.548Z,175.2998837,-39.1833974,1.262586439,10.15625,M,,NonLinLoc,,automatic,nz3drx,22,22,10,0.1125151536,71.07569646,0.8248894758,0
2018p369562,,2018-05-17T17:43:02.597Z,2018-05-17T17:45:28.881Z,167.9251737,-44.3169138,2.889620572,17.1875,M,,NonLinLoc,,automatic,nz3drx,20,20,6,0.3587419643,204.5896519,1.23499656,0
2018p369538,,2018-05-17T17:30:07.453Z,2018-05-17T17:32:05.538Z,176.6708558,-39.92842574,1.628230861,24.21875,M,,NonLinLoc,,automatic,nz3drx,12,12,6,0.1760223374,82.29756591,0.4575260006,0
2018p369466,,2018-05-17T16:51:55.173Z,2018-05-17T16:54:53.342Z,176.5197817,-37.54548961,2.975689125,142.8125,M,,NonLinLoc,,automatic,nz3drx,79,79,36,0.3010048293,122.7209205,1.707978866,0
2018p369458,,2018-05-17T16:47:36.734Z,2018-05-17T16:49:40.603Z,174.4745574,-39.97396669,2.376554601,96.875,M,,NonLinLoc,,automatic,nz3drx,13,13,2,0.8793328419,135.2716983,1.349042085,0
2018p369447,,2018-05-17T16:41:36.039Z,2018-05-17T16:43:52.765Z,174.4008999,-40.91093381,2.110493893,64.53125,M,,NonLinLoc,,automatic,nz3drx,24,24,8,0.3168948276,83.13585397,0.5741458619,0
2018p369434,,2018-05-17T16:35:00.765Z,2018-05-17T16:37:14.405Z,172.7799169,-41.25503579,1.728488265,116.5625,M,,NonLinLoc,,automatic,nz3drx,16,16,4,0.1448304983,100.0233935,1.393113397,0
2018p369307,,2018-05-17T15:26:51.664Z,2018-05-17T15:28:53.668Z,176.8201534,-39.65962908,1.578445927,29.84375,M,,NonLinLoc,,automatic,nz3drx,13,13,6,0.1412036041,74.69115696,0.5153608833,0
2018p368955,,2018-05-17T12:19:35.516Z,2018-05-17T12:21:54.953Z,178.4653957,-37.51944533,2.209351541,20.9375,M,,NonLinLoc,,automatic,nz3drx,12,12,6,0.1363924727,261.0977462,0.8209633086,0
2018p368878,,2018-05-17T11:38:24.646Z,2018-05-17T11:40:26.254Z,177.8775115,-37.46115663,2.155154561,58.4375,M,,NonLinLoc,,automatic,nz3drx,11,11,7,0.3083220739,232.7487132,0.842884174,0
2018p368781,,2018-05-17T10:46:46.526Z,2018-05-17T10:48:50.985Z,173.2372626,-41.23518154,2.253095604,84.6875,M,,NonLinLoc,,automatic,nz3drx,10,10,2,0.1078889041,102.8890897,0.9074578294,0
2018p368697,,2018-05-17T10:01:46.378Z,2018-05-17T13:09:25.775Z,173.6257813,-42.31633991,2.177032628,10.15625,M,,NonLinLoc,,automatic,nz3drx,18,18,5,0.1188519686,149.0774416,1.13238628,0
2018p368656,,2018-05-17T09:40:04.992Z,2018-05-17T13:02:04.914Z,174.0910246,-40.24770738,2.795031407,79.53125,M,,NonLinLoc,,automatic,nz3drx,67,67,31,0.5718802315,106.664982,0.9621823337,0
2018p368601,,2018-05-17T09:10:38.932Z,2018-05-17T09:12:13.716Z,175.6727761,-40.52940002,1.708278752,23.515625,M,,NonLinLoc,,automatic,nz3drx,18,18,8,0.1530302312,86.39807611,0.4335147526,0
2018p368580,,2018-05-17T08:59:42.531Z,2018-05-17T12:36:17.315Z,174.1328694,-41.27668298,2.553703193,44.84375,M,,NonLinLoc,,automatic,nz3drx,32,32,18,0.1262550266,64.06715786,0.5129392532,0
2018p368529,,2018-05-17T08:32:19.667Z,2018-05-17T08:33:49.506Z,176.5342662,-39.21556944,1.863846449,9.8046875,M,,NonLinLoc,,automatic,nz3drx,23,23,13,0.05721273964,55.34019272,0.3470659652,0
2018p368469,,2018-05-17T08:00:24.390Z,2018-05-17T08:02:02.454Z,174.4773123,-40.6763317,1.94465695,22.34375,M,,NonLinLoc,,automatic,nz3drx,10,10,5,0.3737378551,190.6890766,0.3538410436,0
2018p368425,,2018-05-17T07:37:16.451Z,2018-05-17T08:20:38.223Z,175.9142894,-39.51886238,0.9931416739,29.84375,M,,NonLinLoc,,automatic,nz3drx,14,14,7,0.1194157771,103.2998221,1.122959495,0
2018p368400,,2018-05-17T07:23:43.991Z,2018-05-17T07:25:14.451Z,175.7296817,-40.92705602,1.611725182,22.34375,M,,NonLinLoc,,automatic,nz3drx,10,10,6,0.1929032768,108.2526921,0.1761601915,0
2018p368333,,2018-05-17T06:47:55.131Z,2018-05-17T06:50:13.538Z,173.1192602,-41.57886987,2.733052778,60.3125,M,,NonLinLoc,,automatic,nz3drx,20,20,11,0.244839998,103.6898884,1.543055414,0
2018p368307,,2018-05-17T06:34:28.900Z,2018-05-17T06:36:05.667Z,173.9425759,-41.92177594,1.695553194,21.40625,M,,NonLinLoc,,automatic,nz3drx,10,10,4,0.2105487038,161.4777572,0.3829022015,0
2018p368298,,2018-05-17T06:29:34.123Z,2018-05-17T11:58:28.506Z,173.0710935,-42.01644372,2.788827576,78.59375,M,,NonLinLoc,,automatic,nz3drx,35,35,15,0.2808779023,64.43208962,0.6055159918,0
2018p368284,,2018-05-17T06:21:47.580Z,2018-05-17T06:24:25.433Z,176.0619212,-38.27807169,2.917908268,131.5625,M,,NonLinLoc,,automatic,nz3drx,85,85,49,0.41579258,59.1686525,1.435640812,0
2018p368265,,2018-05-17T06:11:46.036Z,2018-05-17T06:14:07.654Z,173.9598766,-41.97066837,2.240467828,26.5625,M,,NonLinLoc,,automatic,nz3drx,28,28,8,0.2609529519,153.7698463,0.8054642482,0
2018p368241,,2018-05-17T05:59:22.258Z,2018-05-17T06:01:45.655Z,178.351671,-37.48925629,2.442120869,20.9375,M,,NonLinLoc,,automatic,nz3drx,16,16,7,0.08497278508,244.8341988,0.9549858199,0
2018p368178,,2018-05-17T05:26:21.628Z,2018-05-17T05:28:22.206Z,176.4600805,-40.19707717,1.154893379,45.3125,M,,NonLinLoc,,automatic,nz3drx,11,11,5,0.1314527468,89.43306764,1.55917117,0
2018p368132,,2018-05-17T05:00:45.993Z,2018-05-17T05:02:24.563Z,176.7742352,-39.91820815,1.705617406,29.84375,M,,NonLinLoc,,automatic,nz3drx,16,16,8,0.1300876697,107.9932762,0.4256498547,0
2018p368131,,2018-05-17T05:00:12.631Z,2018-05-17T05:02:03.268Z,170.8292556,-43.27002766,1.70545552,5.234375,M,,NonLinLoc,,automatic,nz3drx,11,11,3,0.2070608744,76.72632777,0.735252242,0
2018p368025,,2018-05-17T04:03:48.957Z,2018-05-17T04:05:45.844Z,172.2850054,-41.62276817,2.14363649,14.84375,M,,NonLinLoc,,automatic,nz3drx,11,11,3,0.3786261028,121.719695,0.4423376978,0
2018p367874,,2018-05-17T02:43:24.810Z,2018-05-17T02:44:53.642Z,175.5624449,-41.13800521,1.522713489,17.890625,M,,NonLinLoc,,automatic,nz3drx,14,14,7,0.0516191,78.55617764,0.256478366,0
2018p367863,,2018-05-17T02:37:38.987Z,2018-05-17T02:39:03.770Z,177.5298457,-37.45031902,2.430387228,15.3125,M,,NonLinLoc,,automatic,nz3drx,11,11,4,0.357525439,153.9260189,0.8336553047,0
2018p367786,,2018-05-17T01:56:47.664Z,2018-05-17T01:59:11.095Z,175.6812124,-38.60312374,2.65876896,117.5,M,,NonLinLoc,,automatic,nz3drx,24,24,7,0.83229614,135.7756523,1.31358169,0
2018p367640,,2018-05-17T00:39:01.097Z,2018-05-17T00:41:13.346Z,168.3542773,-44.58163786,2.107763397,5.46875,M,,NonLinLoc,,automatic,nz3drx,11,11,1,0.3133976952,136.3147301,1.093440678,0
2018p367635,,2018-05-17T00:36:08.104Z,2018-05-17T00:38:31.353Z,168.3380113,-44.59456486,2.856148542,5.46875,M,,NonLinLoc,,automatic,nz3drx,14,14,5,0.2993340961,134.8811141,1.303520637,0
2018p367630,,2018-05-17T00:33:29.685Z,2018-05-17T00:35:41.307Z,168.3654404,-44.58864324,2.77671881,6.40625,M,,NonLinLoc,,automatic,nz3drx,13,13,5,0.5327866132,165.5792162,1.103829406,0
2018p367627,,2018-05-17T00:31:45.867Z,2018-05-17T00:33:59.292Z,174.6174542,-39.12590199,2.098115841,25.15625,M,,NonLinLoc,,automatic,nz3drx,21,21,7,0.109004928,109.1143926,1.889518836,0
2018p367576,,2018-05-17T00:04:57.418Z,2018-05-17T00:08:01.099Z,168.3410392,-44.60803374,3.037188098,5.46875,M,,NonLinLoc,,automatic,nz3drx,19,19,10,0.2988501157,131.378714,1.297498881,0
2018p367561,earthquake,2018-05-16T23:56:57.505Z,2018-05-17T01:48:29.640Z,168.3277283,-44.57834625,3.997621158,2.337422609,M,,LOCSAT,confirmed,manual,iasp91,33,22,18,0.3019077778,141.6800842,0.5851612098,0
2018p367458,,2018-05-16T23:01:54.267Z,2018-05-16T23:03:54.631Z,173.051279,-41.1729264,2.176193835,96.875,M,,NonLinLoc,,automatic,nz3drx,11,11,4,0.2506675705,109.5081462,0.9274054879,0
2018p367456,,2018-05-16T23:01:06.501Z,2018-05-16T23:03:20.623Z,175.932874,-38.96761587,1.615262844,92.1875,M,,NonLinLoc,,automatic,nz3drx,22,22,7,0.234795222,148.3138199,1.066605891,0
2018p367415,,2018-05-16T22:38:48.177Z,2018-05-16T22:39:54.583Z,176.2169465,-38.32244328,1.808648377,5.1171875,M,,NonLinLoc,,automatic,nz3drx,11,11,6,0.02501394393,125.6843897,0.4052089061,0
2018p367413,,2018-05-16T22:37:50.406Z,2018-05-16T22:43:36.046Z,176.2287614,-38.32197402,1.768708348,5.1171875,M,,NonLinLoc,,automatic,nz3drx,11,11,7,0.01690611732,82.63821241,0.4306669403,0
2018p367382,,2018-05-16T22:21:32.840Z,2018-05-16T22:23:12.342Z,171.054522,-43.31491458,1.638111345,10.859375,M,,NonLinLoc,,automatic,nz3drx,13,13,3,0.3368016966,69.59885537,0.4673077166,0
2018p367374,,2018-05-16T22:17:05.031Z,2018-05-16T22:19:14.658Z,176.6915906,-39.82156014,2.19012772,22.109375,M,,NonLinLoc,,automatic,nz3drx,31,31,20,0.1450051607,70.18419384,0.5518197744,0
2018p367299,,2018-05-16T21:37:08.180Z,2018-05-16T21:39:32.029Z,174.2914098,-41.70176553,1.996139953,17.65625,M,,NonLinLoc,,automatic,nz3drx,20,20,6,0.07624217921,136.8218259,0.4542120323,0
2018p367275,,2018-05-16T21:24:29.917Z,2018-05-16T21:26:44.878Z,176.6910451,-39.82654323,2.250974348,21.171875,M,,NonLinLoc,,automatic,nz3drx,34,34,20,0.1465796236,71.33243609,0.5453857405,0
2018p367255,,2018-05-16T21:13:34.328Z,2018-05-16T21:15:36.957Z,176.355288,-39.89975065,1.563122482,15.546875,M,,NonLinLoc,,automatic,nz3drx,16,16,9,0.120638522,81.86345596,0.4295449614,0
2018p367245,,2018-05-16T21:08:33.121Z,2018-05-17T01:56:13.434Z,173.5109658,-42.48655844,3.019321664,25.15625,M,,NonLinLoc,,automatic,nz3drx,39,39,18,0.07363749273,142.6277821,1.170961844,0
2018p367209,,2018-05-16T20:48:59.587Z,2018-05-16T20:52:25.688Z,173.0958853,-41.45967223,2.706447275,79.53125,M,,NonLinLoc,,automatic,nz3drx,38,38,18,0.260499642,47.35441668,0.806159299,0
2018p367098,,2018-05-16T19:49:33.853Z,2018-05-16T19:52:06.842Z,179.0771484,-36.16699219,3.216330431,34.22851563,M,,NonLinLoc,,automatic,iaspei91,14,14,7,1.526215221,316.1196749,0.3270779228,0
2018p367021,,2018-05-16T19:08:57.227Z,2018-05-16T19:11:13.226Z,178.5158813,-37.81911816,2.280468839,21.40625,M,,NonLinLoc,,automatic,nz3drx,18,18,10,0.07967453152,233.5731211,0.7454667677,0
2018p367002,,2018-05-16T18:59:06.001Z,2018-05-16T19:03:17.891Z,166.9331123,-45.42062479,3.414617241,26.5625,M,,NonLinLoc,,automatic,nz3drx,30,30,12,0.164110514,211.3823214,1.294391576,0
2018p366891,,2018-05-16T17:59:53.926Z,2018-05-16T18:01:11.610Z,177.2090501,-39.13821403,1.430649647,18.59375,M,,NonLinLoc,,automatic,nz3drx,10,10,7,0.06529542887,213.9328187,0.1890101928,0
2018p366836,,2018-05-16T17:30:26.965Z,2018-05-16T17:32:51.237Z,173.4143789,-40.66631541,2.728642845,139.0625,M,,NonLinLoc,,automatic,nz3drx,35,35,9,0.4065662395,122.4128706,1.049824277,0
2018p366730,,2018-05-16T16:33:51.853Z,2018-05-16T16:35:09.805Z,175.4925422,-38.97750393,1.684005287,74.375,M,,NonLinLoc,,automatic,nz3drx,12,12,1,0.2272184488,174.5629971,1.095694216,0
2018p366650,,2018-05-16T15:51:06.423Z,2018-05-16T15:53:51.047Z,177.8393555,-42.59033203,3.384618419,34.91308594,M,,NonLinLoc,,automatic,iaspei91,33,33,9,2.163634006,274.9828617,0.3991349037,0
2018p366622,,2018-05-16T15:36:43.977Z,2018-05-16T15:39:04.219Z,172.6742415,-41.29865464,2.586875463,97.8125,M,,NonLinLoc,,automatic,nz3drx,12,12,4,0.1185693032,111.3530204,1.0067004,0
2018p366617,,2018-05-16T15:33:38.050Z,2018-05-16T15:35:22.293Z,175.4264834,-40.67461092,1.477275131,24.21875,M,,NonLinLoc,,automatic,nz3drx,12,12,5,0.1159074497,172.3308161,0.4810645017,0
2018p366382,,2018-05-16T13:28:39.838Z,2018-05-16T13:30:47.870Z,174.1629764,-40.37499416,2.277038947,71.5625,M,,NonLinLoc,,automatic,nz3drx,23,23,7,0.4680809305,104.6492581,0.7621096873,0
2018p366377,,2018-05-16T13:25:40.514Z,2018-05-16T13:27:27.002Z,176.3650248,-38.45577038,1.990204307,58.90625,M,,NonLinLoc,,automatic,nz3drx,19,19,10,0.3055236077,127.9342867,0.596579027,0
2018p366355,,2018-05-16T13:14:29.878Z,2018-05-16T13:16:33.921Z,175.9948336,-40.62736918,2.00085224,25.859375,M,,NonLinLoc,,automatic,nz3drx,24,24,12,0.07266954768,55.66393438,0.6779731628,0
2018p366356,,2018-05-16T13:14:28.946Z,2018-05-16T13:17:59.393Z,173.4865677,-42.44412951,3.228442,45.3125,M,,NonLinLoc,,automatic,nz3drx,34,34,15,0.6203598516,142.4999672,1.033555366,0
2018p366354,,2018-05-16T13:13:25.190Z,2018-05-16T13:14:26.420Z,168.3542773,-44.58163786,2.031426141,5.46875,M,,NonLinLoc,,automatic,nz3drx,10,10,1,0.3133976952,136.3147301,0.9160858507,0
2018p366338,,2018-05-16T13:05:13.150Z,2018-05-16T13:07:16.212Z,175.6931065,-41.121866,1.46710832,22.109375,M,,NonLinLoc,,automatic,nz3drx,11,11,5,0.1493601962,97.77446821,0.3815873269,0
2018p366326,,2018-05-16T12:58:35.481Z,2018-05-16T13:00:28.912Z,176.0737487,-40.8580915,2.260012015,16.953125,M,,NonLinLoc,,automatic,nz3drx,30,30,18,0.1082355133,91.13136745,0.4409822126,0
2018p366306,,2018-05-16T12:47:58.088Z,2018-05-16T12:49:56.828Z,175.6877868,-39.46447853,1.766683501,17.890625,M,,NonLinLoc,,automatic,nz3drx,27,27,12,0.07642619251,103.1152213,0.5329264803,0
2018p366255,,2018-05-16T12:21:27.591Z,2018-05-16T12:23:19.612Z,178.0596984,-38.54368372,2.626682693,22.109375,M,,NonLinLoc,,automatic,nz3drx,27,27,18,0.1319897036,130.1498046,0.5474307042,0
2018p366140,,2018-05-16T11:19:52.875Z,2018-05-16T11:22:07.063Z,172.8885131,-41.4118245,2.676428248,105.3125,M,,NonLinLoc,,automatic,nz3drx,11,11,3,0.09873422635,62.98401433,0.7299196628,0
2018p365961,,2018-05-16T09:44:23.879Z,2018-05-16T09:46:51.309Z,176.8737699,-36.95322747,2.514110596,89.375,M,,NonLinLoc,,automatic,nz3drx,14,14,6,0.9380955346,214.34934,1.625281909,0
2018p365931,,2018-05-16T09:28:25.324Z,2018-05-16T09:29:26.428Z,176.2312128,-38.32621691,1.47183711,5.1171875,M,,NonLinLoc,,automatic,nz3drx,12,12,7,0.01873411833,94.6377397,0.2273279638,0
2018p365918,,2018-05-16T09:21:18.966Z,2018-05-16T09:22:35.425Z,176.2287614,-38.32197402,2.126107416,7.4609375,M,,NonLinLoc,,automatic,nz3drx,24,24,13,0.01690611732,47.53546364,0.2525325268,0
2018p365917,,2018-05-16T09:20:40.301Z,2018-05-16T09:21:28.285Z,176.2427416,-38.3282392,1.554053765,5.1171875,M,,NonLinLoc,,automatic,nz3drx,10,10,6,0.01710035243,89.28873272,0.2264751778,0
2018p365792,,2018-05-16T08:14:21.107Z,2018-05-16T08:17:33.937Z,176.7278609,-37.88196021,2.549336933,164.375,M,,NonLinLoc,,automatic,nz3drx,51,51,24,0.4745195568,109.7535973,2.247262064,0
2018p365745,,2018-05-16T07:49:17.050Z,2018-05-16T07:51:23.023Z,174.2724679,-41.78795856,1.893695978,20.46875,M,,NonLinLoc,,automatic,nz3drx,10,10,4,0.05693715988,179.4193419,0.4383062686,0
2018p365707,,2018-05-16T07:29:17.715Z,2018-05-16T07:32:07.897Z,178.6197102,-37.7640527,2.221064802,45.3125,M,,NonLinLoc,,automatic,nz3drx,20,20,7,0.1739246377,254.4271221,1.510759644,0
2018p365535,,2018-05-16T05:57:25.243Z,2018-05-16T06:01:34.207Z,177.970333,-39.26966259,3.004496134,24.6875,M,,NonLinLoc,,automatic,nz3drx,59,59,35,0.1230167786,207.9796395,1.056969502,0
2018p365319,,2018-05-16T04:02:09.017Z,2018-05-16T04:04:22.802Z,177.1903672,-37.87463632,2.503146247,52.34375,M,,NonLinLoc,,automatic,nz3drx,28,28,20,0.3901425604,205.0801734,0.6719735289,0
2018p365290,,2018-05-16T03:46:58.689Z,2018-05-16T03:49:24.161Z,178.360978,-37.51619405,2.556180551,28.4375,M,,NonLinLoc,,automatic,nz3drx,20,20,10,0.06654194613,255.9592701,0.9344557887,0
2018p365255,,2018-05-16T03:27:58.257Z,2018-05-16T03:29:39.939Z,177.7325128,-39.20079871,1.953791703,17.65625,M,,NonLinLoc,,automatic,nz3drx,11,11,7,0.1453408885,186.175231,0.4256080332,0
2018p365192,,2018-05-16T02:54:48.167Z,2018-05-16T02:56:49.085Z,175.8573441,-40.63327127,2.14418961,24.453125,M,,NonLinLoc,,automatic,nz3drx,27,27,19,0.1174626008,61.53928984,0.4404520136,0
2018p365179,,2018-05-16T02:47:37.412Z,2018-05-16T02:48:32.946Z,172.6191747,-43.57174483,1.441087815,9.921875,M,,NonLinLoc,,automatic,nz3drx,10,10,2,0.1383540023,118.4008952,0.401689328,0
2018p365136,,2018-05-16T02:24:57.594Z,2018-05-16T02:26:56.307Z,176.0664185,-40.25694141,1.564592243,44.84375,M,,NonLinLoc,,automatic,nz3drx,12,12,6,0.08627815442,72.40367886,0.567350554,0
2018p365127,,2018-05-16T02:20:24.660Z,2018-05-16T02:23:00.573Z,177.1373852,-39.14102961,2.631770536,256.25,M,,NonLinLoc,,automatic,nz3drx,14,14,12,0.2586696253,160.4691234,2.829365053,0
2018p365008,,2018-05-16T01:16:43.963Z,2018-05-16T01:18:48.882Z,175.8357779,-40.43757585,2.153863226,24.453125,M,,NonLinLoc,,automatic,nz3drx,27,27,18,0.06679510501,60.94775454,0.5165337581,0
2018p364964,,2018-05-16T00:52:54.707Z,2018-05-16T00:55:13.478Z,176.5837271,-40.36161146,2.795430304,16.015625,M,,NonLinLoc,,automatic,nz3drx,52,52,37,0.1028651566,175.0412291,0.9144159007,0
2018p364957,,2018-05-16T00:49:29.119Z,2018-05-16T00:52:23.817Z,177.2313869,-37.81592294,2.585247759,44.84375,M,,NonLinLoc,,automatic,nz3drx,35,35,24,0.3753829832,157.354562,0.7783459689,0
2018p364939,,2018-05-16T00:40:25.577Z,2018-05-16T00:42:04.130Z,176.6280255,-39.88047184,1.648876265,23.28125,M,,NonLinLoc,,automatic,nz3drx,15,15,7,0.2115515339,64.85303888,0.7593751869,0
2018p364898,,2018-05-16T00:17:51.490Z,2018-05-16T00:18:52.883Z,175.6524891,-39.30376395,0.951551354,5.1171875,M,,NonLinLoc,,automatic,nz3drx,12,12,4,0.04959370042,75.59842198,0.2286397437,0
2018p364871,earthquake,2018-05-16T00:03:45.736Z,2018-05-16T00:19:29.774Z,175.9677277,-38.3769455,4.257977298,152.0203705,M,,LOCSAT,confirmed,manual,iasp91,118,97,75,0.1150521487,43.02090454,0.4904567901,0
2018p364827,,2018-05-15T23:40:07.222Z,2018-05-15T23:42:42.907Z,177.0075188,-37.8906303,2.431592601,138.125,M,,NonLinLoc,,automatic,nz3drx,39,39,19,0.3760044622,191.6842533,1.792714034,0
2018p364786,,2018-05-15T23:18:55.639Z,2018-05-15T23:21:25.857Z,175.5462506,-39.02249702,2.215991486,118.4375,M,,NonLinLoc,,automatic,nz3drx,34,34,11,0.1516832944,140.478808,1.855765184,0
2018p364771,,2018-05-15T23:10:02.843Z,2018-05-15T23:18:44.527Z,170.8195027,-43.28645735,1.794371942,5.234375,M,,NonLinLoc,,automatic,nz3drx,11,11,3,0.2204441142,81.79194624,0.8139301038,0
2018p364688,,2018-05-15T22:25:56.237Z,2018-05-15T22:28:19.689Z,176.8316546,-39.7199681,1.898757701,36.40625,M,,NonLinLoc,,automatic,nz3drx,14,14,9,0.0819338614,85.32542096,0.4247543486,0
2018p364673,,2018-05-15T22:17:51.180Z,2018-05-15T22:20:15.630Z,176.8888906,-38.90515943,2.178577924,40.15625,M,,NonLinLoc,,automatic,nz3drx,28,28,19,0.0634081761,45.93081195,0.4743245721,0
2018p364669,,2018-05-15T22:16:06.631Z,2018-05-15T22:18:49.619Z,175.9553398,-38.2847866,2.776104583,168.125,M,,NonLinLoc,,automatic,nz3drx,35,35,18,0.6465956555,121.1592531,1.740212792,0
2018p364657,,2018-05-15T22:09:31.363Z,2018-05-15T22:11:03.785Z,176.5401039,-40.31864065,1.651942409,13.671875,M,,NonLinLoc,,automatic,nz3drx,14,14,7,0.08994826193,157.4014439,0.4372638668,0
2018p364648,,2018-05-15T22:04:38.980Z,2018-05-15T22:07:44.147Z,177.3945589,-38.73817817,2.823177759,30.078125,M,,NonLinLoc,,automatic,nz3drx,54,54,36,0.06217244885,52.79214232,0.7081920434,0
2018p364616,,2018-05-15T21:47:34.174Z,2018-05-15T21:49:17.369Z,174.6410771,-41.26417767,1.678360354,25.859375,M,,NonLinLoc,,automatic,nz3drx,14,14,6,0.09737621479,121.7551566,0.3176029238,0
2018p364597,,2018-05-15T21:37:47.744Z,2018-05-15T21:40:05.972Z,176.6103565,-40.14908972,2.04035446,19.296875,M,,NonLinLoc,,automatic,nz3drx,26,26,17,0.1198030231,113.8955722,0.5986918129,0
2018p364590,,2018-05-15T21:33:57.136Z,2018-05-15T21:35:40.282Z,175.6887086,-39.48117916,1.385655879,18.828125,M,,NonLinLoc,,automatic,nz3drx,17,17,8,0.08925593093,101.7505141,0.2366567472,0
2018p364588,,2018-05-15T21:32:59.503Z,2018-05-15T21:34:24.903Z,176.5169151,-40.30961299,1.490061706,9.921875,M,,NonLinLoc,,automatic,nz3drx,10,10,6,0.1006845629,128.3667174,0.1115848038,0
2018p364575,,2018-05-15T21:26:11.139Z,2018-05-15T21:29:53.529Z,175.6085574,-38.42748641,2.37620299,143.75,M,,NonLinLoc,,automatic,nz3drx,25,25,14,0.9843713733,120.4455561,1.365036404,0
2018p364557,,2018-05-15T21:16:15.429Z,2018-05-16T01:02:25.616Z,176.0047431,-38.56304664,3.371314224,139.0625,M,,NonLinLoc,,automatic,nz3drx,113,113,77,0.2617330149,30.00777648,1.299924378,0
2018p364548,,2018-05-15T21:11:34.053Z,2018-05-15T21:13:31.788Z,177.7444591,-39.23197937,2.437035146,19.765625,M,,NonLinLoc,,automatic,nz3drx,27,27,18,0.1515020821,171.0835745,0.6240061984,0
2018p364496,,2018-05-15T20:43:41.978Z,2018-05-15T20:45:04.949Z,176.0725057,-39.36946168,1.831675741,36.640625,M,,NonLinLoc,,automatic,nz3drx,25,25,13,0.1203573705,75.6601819,0.436630555,0
2018p364491,,2018-05-15T20:41:04.480Z,2018-05-15T20:43:41.618Z,175.8112953,-39.48072944,2.673224066,29.375,M,,NonLinLoc,,automatic,nz3drx,21,21,15,0.8554464902,174.2413014,2.167766388,0
2018p364486,,2018-05-15T20:38:26.297Z,2018-05-15T20:41:09.769Z,174.4724443,-40.66784591,2.695793028,145.625,M,,NonLinLoc,,automatic,nz3drx,26,26,14,0.4409539853,150.7785529,2.148573533,0
2018p364485,,2018-05-15T20:37:42.046Z,2018-05-15T20:40:06.442Z,176.5245432,-40.05318191,2.419576914,39.453125,M,,NonLinLoc,,automatic,nz3drx,35,35,22,0.06644354947,75.1671444,0.9507819783,0
2018p364466,earthquake,2018-05-15T20:27:52.083Z,2018-05-15T20:51:39.342Z,177.810379,-39.27508163,3.47860744,22.06038094,M,,LOCSAT,confirmed,manual,iasp91,39,27,20,0.143544808,107.0522041,0.4868486402,0
2018p364404,,2018-05-15T19:54:50.628Z,2018-05-15T19:58:09.573Z,170.818466,-43.29144044,3.300388517,7.109375,M,,NonLinLoc,,automatic,nz3drx,38,38,24,0.2250230194,77.11781119,1.194200438,0
2018p364377,,2018-05-15T19:40:14.642Z,2018-05-15T19:42:44.594Z,175.673528,-39.04972526,2.007808397,85.625,M,,NonLinLoc,,automatic,nz3drx,19,19,7,0.2867692547,188.3198422,1.231236325,0
2018p364376,,2018-05-15T19:39:56.958Z,2018-05-15T19:42:13.524Z,177.9832098,-37.96084038,2.197774451,59.375,M,,NonLinLoc,,automatic,nz3drx,15,15,9,0.2162771593,198.545837,1.371085241,0
2018p364303,,2018-05-15T19:01:03.754Z,2018-05-15T19:03:01.750Z,176.3312006,-39.06479174,1.811914005,39.21875,M,,NonLinLoc,,automatic,nz3drx,17,17,11,0.1585450332,81.59892568,0.5994709078,0
2018p364288,,2018-05-15T18:53:07.466Z,2018-05-15T18:54:23.605Z,175.8648227,-40.62182467,1.573208176,26.796875,M,,NonLinLoc,,automatic,nz3drx,17,17,10,0.1055062982,84.27825975,0.1789997586,0
2018p364229,,2018-05-15T18:21:16.529Z,2018-05-15T18:23:15.637Z,173.5756252,-41.578948,1.860010191,62.1875,M,,NonLinLoc,,automatic,nz3drx,10,10,4,0.2622622049,95.41853747,0.389925359,0
2018p364111,,2018-05-15T17:18:46.656Z,2018-05-15T17:21:01.451Z,176.790795,-39.79289056,2.11420693,36.171875,M,,NonLinLoc,,automatic,nz3drx,33,33,18,0.06539453802,76.8715128,0.5870975833,0
2018p363937,,2018-05-15T15:45:56.621Z,2018-05-15T15:47:35.784Z,177.205007,-38.13336063,1.744407237,47.1875,M,,NonLinLoc,,automatic,nz3drx,15,15,6,0.1504000302,125.1880125,1.066920212,0
2018p363927,,2018-05-15T15:40:48.691Z,2018-05-15T15:42:20.787Z,176.2876454,-38.97845348,1.397183978,69.6875,M,,NonLinLoc,,automatic,nz3drx,16,16,6,0.1793674116,92.46842808,1.151896995,0
2018p363897,,2018-05-15T15:24:29.132Z,2018-05-15T15:26:21.153Z,176.5281725,-39.67163157,2.005943175,18.359375,M,,NonLinLoc,,automatic,nz3drx,37,37,20,0.1236437929,53.33627808,0.5076274789,0
2018p363898,,2018-05-15T15:24:25.281Z,2018-05-15T15:26:31.641Z,170.2553246,-43.54939949,1.931400372,5.234375,M,,NonLinLoc,,automatic,nz3drx,12,12,5,0.2375502714,97.99253178,0.7169839069,0
2018p363802,,2018-05-15T14:33:44.456Z,2018-05-15T14:35:44.969Z,173.5933069,-42.28535758,2.569349924,26.09375,M,,NonLinLoc,,automatic,nz3drx,10,10,3,0.1368993897,180.0022948,0.4479238221,0
2018p363704,,2018-05-15T13:41:29.791Z,2018-05-15T13:44:21.595Z,174.149266,-40.7966802,3.401699066,64.53125,M,,NonLinLoc,,automatic,nz3drx,119,119,78,0.1729720708,83.50522505,1.048541955,0
2018p363680,,2018-05-15T13:28:55.984Z,2018-05-15T13:29:48.454Z,175.7082758,-39.03286261,0.9805962581,7.9296875,M,,NonLinLoc,,automatic,nz3drx,14,14,7,0.0568136525,122.9932108,0.5532327112,0
2018p363657,,2018-05-15T13:16:45.739Z,2018-05-15T13:17:53.729Z,177.9930957,-37.94865358,1.718730652,26.796875,M,,NonLinLoc,,automatic,nz3drx,11,11,6,0.1104863313,73.900797,0.2609756256,0
2018p363611,,2018-05-15T12:52:14.863Z,2018-05-15T12:54:37.568Z,176.6652248,-39.92492305,1.938672333,39.21875,M,,NonLinLoc,,automatic,nz3drx,27,27,13,0.1814588537,73.9621909,0.5822855021,0
2018p363531,,2018-05-15T12:09:25.953Z,2018-05-15T12:11:50.250Z,167.6193603,-45.21870879,2.797975388,86.5625,M,,NonLinLoc,,automatic,nz3drx,21,21,6,0.3900014074,147.0714339,1.125907426,0
2018p363475,,2018-05-15T11:39:45.327Z,2018-05-15T11:42:06.040Z,176.3710839,-38.45428997,1.829283699,120.3125,M,,NonLinLoc,,automatic,nz3drx,28,28,10,0.3799627838,206.0515114,1.459359219,0
2018p363463,,2018-05-15T11:33:17.620Z,2018-05-15T11:35:34.870Z,173.5349806,-42.26029687,2.494221149,24.21875,M,,NonLinLoc,,automatic,nz3drx,22,22,10,0.1556852714,125.7774909,0.7228389809,0
2018p363449,,2018-05-15T11:25:37.835Z,2018-05-15T11:27:43.178Z,170.0098517,-44.07980865,2.123670523,6.40625,M,,NonLinLoc,,automatic,nz3drx,14,14,5,0.3359225229,73.2527289,0.9075008281,0
2018p363441,,2018-05-15T11:21:38.115Z,2018-05-15T11:24:25.910Z,175.9736396,-38.7254665,1.982908434,115.625,M,,NonLinLoc,,automatic,nz3drx,28,28,6,0.3585005641,203.6926163,1.727487927,0
2018p363403,,2018-05-15T11:01:09.764Z,2018-05-15T11:03:05.044Z,177.101723,-38.652974,1.576133803,8.6328125,M,,NonLinLoc,,automatic,nz3drx,15,15,7,0.09995754975,67.49243326,0.4764394947,0
2018p363325,,2018-05-15T10:20:02.246Z,2018-05-15T10:23:04.580Z,174.8084344,-40.41517445,3.281354748,49.765625,M,,NonLinLoc,,automatic,nz3drx,111,111,70,0.4436783213,68.45894232,0.8696013177,0
2018p363274,,2018-05-15T09:52:34.043Z,2018-05-15T09:54:29.858Z,175.3478543,-39.64509344,1.903035179,44.84375,M,,NonLinLoc,,automatic,nz3drx,37,37,18,0.2777107581,70.99591524,0.4879175192,0
2018p363118,,2018-05-15T08:29:34.015Z,2018-05-15T08:32:12.198Z,174.6089966,-41.25238751,2.54196261,241.25,M,,NonLinLoc,,automatic,nz3drx,20,20,6,0.5333674927,159.1202461,3.059900715,0
2018p363053,,2018-05-15T07:55:00.563Z,2018-05-15T07:57:19.426Z,174.5238606,-39.62515003,2.125045254,88.4375,M,,NonLinLoc,,automatic,nz3drx,13,13,7,0.4805442103,95.16694583,0.9841563505,0
2018p363029,,2018-05-15T07:42:04.508Z,2018-05-15T07:43:57.334Z,176.6265557,-40.30289808,1.620799501,14.140625,M,,NonLinLoc,,automatic,nz3drx,13,13,7,0.03566935547,182.2548542,0.2065127647,0
2018p363012,,2018-05-15T07:33:20.967Z,2018-05-15T08:18:27.380Z,177.7001193,-39.00907525,1.801813015,18.359375,M,,NonLinLoc,,automatic,nz3drx,14,14,9,0.02614647074,103.0019461,0.3101457932,0
2018p362971,,2018-05-15T07:11:15.154Z,2018-05-15T07:13:18.538Z,173.5627664,-42.39794648,2.435375178,10.15625,M,,NonLinLoc,,automatic,nz3drx,16,16,5,0.02525373347,169.8088035,0.6430229192,0
2018p362879,,2018-05-15T06:22:07.953Z,2018-05-15T06:23:14.189Z,177.0329673,-38.32134401,1.401341949,54.6875,M,,NonLinLoc,,automatic,nz3drx,10,10,4,0.0878747774,172.8585289,0.8352853216,0
2018p362866,,2018-05-15T06:15:28.818Z,2018-05-15T06:17:20.739Z,177.3247358,-39.17089463,2.133976415,23.046875,M,,NonLinLoc,,automatic,nz3drx,22,22,14,0.1148865392,153.3348427,0.3458687147,0
2018p362864,,2018-05-15T06:14:22.670Z,2018-05-15T06:16:52.600Z,167.5450571,-45.65682452,2.90238224,5.46875,M,,NonLinLoc,,automatic,nz3drx,13,13,6,0.3451758038,75.70384909,0.6764250304,0
2018p362862,,2018-05-15T06:13:12.281Z,2018-05-15T06:15:35.282Z,176.4823327,-38.4077103,1.936424337,51.875,M,,NonLinLoc,,automatic,nz3drx,23,23,7,0.2330999495,191.2565175,1.514673937,0
2018p362800,,2018-05-15T05:39:58.539Z,2018-05-15T05:41:39.296Z,170.8090152,-43.2911695,1.979017644,5.234375,M,,NonLinLoc,,automatic,nz3drx,10,10,3,0.2228668601,78.91346703,0.7637880312,0
2018p362787,,2018-05-15T05:33:15.775Z,2018-05-15T07:40:43.493Z,177.7851523,-37.951377,1.730314923,54.6875,M,,NonLinLoc,,automatic,nz3drx,12,12,7,0.08704192544,88.2634833,0.55754999,0
2018p362774,,2018-05-15T05:26:06.861Z,2018-05-15T05:27:21.954Z,176.6988401,-39.89260555,1.515761498,25.15625,M,,NonLinLoc,,automatic,nz3drx,10,10,7,0.170215723,84.17509297,0.2488485085,0
2018p362662,,2018-05-15T04:26:25.637Z,2018-05-15T04:28:08.468Z,175.0281679,-37.1170666,1.295452275,11.09375,M,,NonLinLoc,,automatic,nz3drx,10,10,7,0.1069835313,116.9992144,0.6644927678,0
2018p362613,,2018-05-15T04:00:36.752Z,2018-05-15T04:02:24.720Z,177.0682461,-39.46384703,1.819728933,40.15625,M,,NonLinLoc,,automatic,nz3drx,14,14,5,0.2061114581,162.4061613,0.5852793788,0
2018p362444,,2018-05-15T02:30:32.212Z,2018-05-15T02:33:01.569Z,177.3172155,-37.83358163,2.164392333,119.375,M,,NonLinLoc,,automatic,nz3drx,23,23,11,0.3070838433,206.0346758,1.399614566,0
2018p362375,,2018-05-15T01:53:33.716Z,2018-05-15T01:56:01.493Z,176.2491983,-38.38719697,2.310063501,145.625,M,,NonLinLoc,,automatic,nz3drx,21,21,8,0.6080568393,206.024896,1.469684653,0
2018p362245,earthquake,2018-05-15T00:44:11.539Z,2018-05-15T01:54:35.256Z,174.2147522,-41.7623024,4.0782966,9.006388664,M,,LOCSAT,confirmed,manual,iasp91,32,18,14,0.2580932975,140.9368286,0.6027627233,0
2018p362239,,2018-05-15T00:41:18.828Z,2018-05-15T00:43:19.954Z,174.299005,-40.68936487,1.990127465,48.125,M,,NonLinLoc,,automatic,nz3drx,12,12,6,0.309527405,118.953923,0.717756868,0
2018p362201,,2018-05-15T00:21:18.564Z,2018-05-15T00:23:13.399Z,175.8795551,-40.45138829,1.324764436,26.09375,M,,NonLinLoc,,automatic,nz3drx,12,12,7,0.1012349684,74.41010211,0.3355902237,0
2018p362199,,2018-05-15T00:20:08.922Z,2018-05-15T00:21:19.809Z,176.0904147,-39.04077573,1.307233103,19.53125,M,,NonLinLoc,,automatic,nz3drx,14,14,2,0.3114133053,150.5979847,0.5344892049,0
2018p362194,,2018-05-15T00:17:18.250Z,2018-05-15T00:19:28.034Z,171.7280764,-41.92705548,2.475664959,12.96875,M,,NonLinLoc,,automatic,nz3drx,11,11,6,0.1882221268,156.3590135,0.7701486479,0
2018p362184,,2018-05-15T00:11:43.678Z,2018-05-15T00:14:16.600Z,170.818466,-43.29144044,2.753761124,6.171875,M,,NonLinLoc,,automatic,nz3drx,25,25,9,0.2250230194,77.11781119,0.8011116253,0
2018p362151,earthquake,2018-05-14T23:54:18.398Z,2018-05-15T01:56:10.953Z,174.2236786,-41.77553177,3.449291908,12.32481384,M,,LOCSAT,confirmed,manual,iasp91,31,21,17,0.267318815,140.6960449,0.7922719542,0
2018p362030,,2018-05-14T22:50:05.783Z,2018-05-14T22:51:16.351Z,175.827528,-39.59292169,1.394274564,5.46875,M,,NonLinLoc,,automatic,nz3drx,13,13,5,0.1915191799,167.9639843,1.39848192,0
2018p362028,,2018-05-14T22:48:36.844Z,2018-05-14T22:50:25.356Z,175.7339839,-39.47755077,0.9352616609,16.953125,M,,NonLinLoc,,automatic,nz3drx,16,16,5,0.07104782163,75.69765312,1.148284544,0
2018p361986,,2018-05-14T22:26:29.679Z,2018-05-14T22:28:10.514Z,177.1709577,-37.60742623,2.34635841,5.46875,M,,NonLinLoc,,automatic,nz3drx,10,10,4,0.08109222089,121.752657,0.5742735064,0
2018p361955,,2018-05-14T22:10:10.303Z,2018-05-14T22:12:15.074Z,174.9432127,-40.06980739,2.075998675,30.78125,M,,NonLinLoc,,automatic,nz3drx,33,33,14,0.3157558563,139.9664967,0.6527495354,0
2018p361900,,2018-05-14T21:40:34.377Z,2018-05-14T21:43:49.855Z,167.3297061,-45.22404946,2.830775137,34.0625,M,,NonLinLoc,,automatic,nz3drx,17,17,6,0.2647263531,191.277513,0.543140549,0
2018p361858,,2018-05-14T21:18:26.217Z,2018-05-14T21:20:47.872Z,176.1077764,-40.00980894,2.808721496,111.875,M,,NonLinLoc,,automatic,nz3drx,14,14,6,0.6763539392,125.0592166,1.177388139,0
2018p361694,,2018-05-14T19:50:47.533Z,2018-05-14T19:52:36.334Z,176.374578,-40.2053451,2.043839084,39.921875,M,,NonLinLoc,,automatic,nz3drx,33,33,19,0.1499090897,57.69070655,0.6093034211,0
2018p361668,,2018-05-14T19:36:52.556Z,2018-05-14T19:39:21.912Z,175.8807879,-38.61258712,2.383659319,144.6875,M,,NonLinLoc,,automatic,nz3drx,46,46,20,0.4663811648,126.9824983,1.53983065,0
2018p361569,,2018-05-14T18:44:03.225Z,2018-05-14T18:46:32.467Z,178.2675891,-37.51994814,2.679882556,17.1875,M,,NonLinLoc,,automatic,nz3drx,24,24,13,0.0521761356,227.9623085,0.8165258527,0
2018p361534,,2018-05-14T18:26:35.865Z,2018-05-14T18:28:53.935Z,172.5158117,-42.55952295,2.894765448,160.625,M,,NonLinLoc,,automatic,nz3drx,11,11,4,0.286125629,68.46081478,1.95313464,0
2018p361530,,2018-05-14T18:23:19.371Z,2018-05-14T18:25:14.354Z,173.4746478,-41.36236215,1.666602427,79.0625,M,,NonLinLoc,,automatic,nz3drx,11,11,2,0.1601997496,76.64730231,0.5783242879,0
2018p361525,,2018-05-14T18:20:30.691Z,2018-05-14T18:22:30.083Z,176.3894681,-40.28662764,1.681912283,5.46875,M,,NonLinLoc,,automatic,nz3drx,10,10,7,0.1715013961,185.7763487,1.040289558,0
2018p361521,,2018-05-14T18:18:40.014Z,2018-05-14T18:20:37.339Z,176.0902109,-39.34582829,1.315270518,60.3125,M,,NonLinLoc,,automatic,nz3drx,16,16,5,0.1457644908,197.2337493,0.8545848179,0
2018p361520,,2018-05-14T18:18:12.445Z,2018-05-14T18:20:33.315Z,178.2112325,-37.63145329,2.573492634,39.6875,M,,NonLinLoc,,automatic,nz3drx,26,26,14,0.1037547502,148.6961668,0.8325867399,0
2018p361499,,2018-05-14T18:07:10.317Z,2018-05-14T18:08:52.442Z,175.6625755,-39.39076979,1.428290524,10.0390625,M,,NonLinLoc,,automatic,nz3drx,28,28,12,0.07155933547,73.72332486,0.2553263133,0
2018p361494,,2018-05-14T18:04:26.677Z,2018-05-14T18:05:19.996Z,175.6732917,-39.53323072,0.7067314663,13.4375,M,,NonLinLoc,,automatic,nz3drx,12,12,3,0.1407556115,179.6584369,1.872956869,0
2018p361367,,2018-05-14T16:57:28.798Z,2018-05-14T17:00:04.824Z,177.3172155,-37.83358163,2.424102556,138.125,M,,NonLinLoc,,automatic,nz3drx,54,54,24,0.3070838433,87.30908834,2.250225806,0
2018p361356,,2018-05-14T16:50:53.549Z,2018-05-14T16:54:34.684Z,168.2948169,-44.35913039,2.522576544,5.46875,M,,NonLinLoc,,automatic,nz3drx,23,23,5,0.3991074576,182.722337,1.401183572,0
2018p361340,,2018-05-14T16:41:59.478Z,2018-05-14T16:45:49.616Z,178.0146626,-38.25997132,2.89460512,25.15625,M,,NonLinLoc,,automatic,nz3drx,58,58,37,0.08630343175,101.3837845,1.048023393,0
2018p361339,,2018-05-14T16:41:54.593Z,2018-05-14T16:45:37.617Z,168.3544397,-44.65692617,2.844158741,69.6875,M,,NonLinLoc,,automatic,nz3drx,28,28,6,0.3041137974,118.8036024,0.7097067525,0
2018p361296,,2018-05-14T16:18:49.970Z,2018-05-14T16:21:22.692Z,172.9264674,-41.25937083,2.615456428,167.1875,M,,NonLinLoc,,automatic,nz3drx,43,43,12,0.1882078246,85.3403334,1.398641435,0
2018p361228,,2018-05-14T15:42:23.083Z,2018-05-14T15:43:43.440Z,178.1618224,-38.2237014,1.67663412,17.890625,M,,NonLinLoc,,automatic,nz3drx,11,11,5,0.1479473541,146.4943732,0.1795376127,0
2018p361177,,2018-05-14T15:15:10.110Z,2018-05-14T15:17:54.986Z,173.5475915,-42.53100965,2.391231947,16.71875,M,,NonLinLoc,,automatic,nz3drx,19,19,7,0.1151233453,169.3405877,1.27098886,0
2018p361130,,2018-05-14T14:50:07.178Z,2018-05-14T14:52:48.807Z,173.5247077,-42.44023017,2.451064285,33.59375,M,,NonLinLoc,,automatic,nz3drx,23,23,8,0.02648286766,165.2790226,0.6497958451,0
2018p361129,,2018-05-14T14:49:38.609Z,2018-05-14T14:51:15.918Z,177.5026379,-37.72937234,1.981738819,47.1875,M,,NonLinLoc,,automatic,nz3drx,10,10,2,0.2219467687,237.7161741,0.6080393902,0
2018p361039,,2018-05-14T14:02:57.971Z,2018-05-14T14:05:10.487Z,177.4159736,-37.77999658,2.330792837,54.6875,M,,NonLinLoc,,automatic,nz3drx,12,12,5,0.2702884773,227.605516,0.6208644712,0
2018p361013,,2018-05-14T13:48:00.807Z,2018-05-14T13:51:45.355Z,167.9537152,-46.66042089,3.446656424,15.3125,M,,NonLinLoc,,automatic,nz3drx,22,22,7,0.1764966596,187.3426569,1.247291952,0
2018p360966,,2018-05-14T13:23:21.137Z,2018-05-14T13:25:53.223Z,175.769599,-40.4581032,2.532839752,5.46875,M,,NonLinLoc,,automatic,nz3drx,25,25,13,0.06459556259,104.474648,1.592938352,0
2018p360964,,2018-05-14T13:22:30.256Z,2018-05-14T13:25:08.510Z,177.8324512,-38.19771619,3.425213843,5.46875,M,,NonLinLoc,,automatic,nz3drx,33,33,22,0.1189330748,176.1617136,2.614380448,0
2018p360961,,2018-05-14T13:21:03.005Z,2018-05-14T13:42:55.359Z,176.8306846,-38.45342958,2.695591055,71.09375,M,,NonLinLoc,,automatic,nz3drx,78,78,42,0.05394994742,104.8034463,1.612991619,0
2018p360863,,2018-05-14T12:28:08.219Z,2018-05-14T12:30:40.583Z,172.7561326,-41.39456245,2.447275826,88.4375,M,,NonLinLoc,,automatic,nz3drx,16,16,6,0.00465625256,99.40006251,0.7043119715,0
2018p360821,,2018-05-14T12:05:57.055Z,2018-05-14T12:08:00.585Z,177.078247,-39.25253475,1.620534802,25.625,M,,NonLinLoc,,automatic,nz3drx,16,16,7,0.06500684196,172.781211,0.5478030719,0
2018p360735,,2018-05-14T11:19:49.286Z,2018-05-14T11:20:49.559Z,175.4386477,-39.22722711,0.8749430475,5.1171875,M,,NonLinLoc,,automatic,nz3drx,14,14,6,0.08469815919,234.6640383,0.4604040391,0
2018p360718,,2018-05-14T11:10:47.933Z,2018-05-14T11:13:04.219Z,175.4281565,-39.01722345,2.093804135,97.34375,M,,NonLinLoc,,automatic,nz3drx,43,43,18,0.1822653281,68.05102409,0.9751751355,0
2018p360599,,2018-05-14T10:07:26.403Z,2018-05-14T10:10:10.143Z,177.5441231,-37.18419269,2.998666986,94.0625,M,,NonLinLoc,,automatic,nz3drx,53,53,29,0.5940934235,183.2738863,1.7390663,0
2018p360567,,2018-05-14T09:50:17.697Z,2018-05-14T09:52:44.332Z,173.3724806,-41.38604863,1.914474134,64.0625,M,,NonLinLoc,,automatic,nz3drx,14,14,6,0.1673102437,91.37331389,0.5950825436,0
2018p360527,,2018-05-14T09:29:06.944Z,2018-05-14T09:31:04.453Z,173.2346913,-42.53028346,2.323108412,28.4375,M,,NonLinLoc,,automatic,nz3drx,14,14,5,0.4611895549,154.3969088,0.5987827432,0
2018p360519,,2018-05-14T09:24:55.775Z,2018-05-14T09:26:55.457Z,174.0771032,-41.68879947,1.972342082,29.84375,M,,NonLinLoc,,automatic,nz3drx,14,14,7,0.1187411175,87.78703856,1.013146614,0
2018p360492,,2018-05-14T09:10:27.016Z,2018-05-14T09:11:45.399Z,177.7841234,-38.52605858,1.33552282,19.53125,M,,NonLinLoc,,automatic,nz3drx,10,10,5,0.1816679155,147.2758702,0.2152589668,0
2018p360447,,2018-05-14T08:46:11.406Z,2018-05-14T08:49:00.060Z,173.8860194,-42.0068852,2.632552178,20.46875,M,,NonLinLoc,,automatic,nz3drx,39,39,15,0.2902628559,152.7880161,1.534472419,0
2018p360309,,2018-05-14T07:32:41.833Z,2018-05-14T07:34:04.661Z,177.7980064,-38.69306489,1.51777297,18.59375,M,,NonLinLoc,,automatic,nz3drx,12,12,5,0.0314518929,188.211776,0.4645610234,0
2018p360287,,2018-05-14T07:21:12.620Z,2018-05-14T07:23:11.448Z,170.4225243,-45.0424565,2.315208348,11.5625,M,,NonLinLoc,,automatic,nz3drx,10,10,2,0.1572894374,118.5614107,0.5988013461,0
2018p360070,,2018-05-14T05:25:24.394Z,2018-05-14T05:27:31.746Z,173.2518218,-41.5602391,2.117981195,9.921875,M,,NonLinLoc,,automatic,nz3drx,19,19,8,0.3298293897,57.67533034,0.9287497877,0
2018p359910,,2018-05-14T04:00:12.099Z,2018-05-14T04:01:39.649Z,176.171212,-40.394267,1.477694653,22.578125,M,,NonLinLoc,,automatic,nz3drx,17,17,7,0.09365066627,65.93184366,0.3904177828,0
2018p359806,,2018-05-14T03:04:47.986Z,2018-05-14T03:06:56.710Z,176.7053065,-40.05361762,2.555429761,12.734375,M,,NonLinLoc,,automatic,nz3drx,38,38,24,0.1226842058,116.2257171,0.6889224711,0
2018p359802,,2018-05-14T03:04:00.896Z,2018-05-14T03:06:15.482Z,176.149307,-37.83067689,2.298225877,76.25,M,,NonLinLoc,,automatic,nz3drx,17,17,7,0.7035587272,102.5244433,2.185014014,0
2018p359776,,2018-05-14T02:49:10.895Z,2018-05-14T02:50:54.339Z,174.2392686,-41.63684006,2.380993802,17.65625,M,,NonLinLoc,,automatic,nz3drx,24,24,13,0.1156661755,105.1547333,0.68581692,0
2018p359761,,2018-05-14T02:41:02.752Z,2018-05-14T02:42:59.146Z,176.8932095,-39.70516405,1.601189915,33.59375,M,,NonLinLoc,,automatic,nz3drx,11,11,6,0.0923271558,114.1616917,0.5523767918,0
2018p359701,,2018-05-14T02:08:45.356Z,2018-05-14T02:10:42.570Z,176.3286325,-40.3423076,1.442625942,20.234375,M,,NonLinLoc,,automatic,nz3drx,11,11,7,0.1293475678,65.53549707,0.2917555824,0
2018p359657,,2018-05-14T01:45:42.233Z,2018-05-14T01:48:30.640Z,176.6350748,-38.08908269,2.739964148,122.1875,M,,NonLinLoc,,automatic,nz3drx,76,76,37,0.2093427339,136.6768363,1.830761259,0
2018p359630,,2018-05-14T01:30:58.295Z,2018-05-14T01:36:19.255Z,174.5717774,-41.12618449,3.230716918,49.53125,M,,NonLinLoc,,automatic,nz3drx,75,75,47,0.2153073217,66.75319171,0.8763629508,0
2018p359502,,2018-05-14T00:23:23.829Z,2018-05-14T00:25:55.840Z,173.1047452,-41.29468821,2.001532542,85.625,M,,NonLinLoc,,automatic,nz3drx,12,12,4,0.219852351,79.5686108,0.5509958317,0
2018p359423,,2018-05-13T23:40:46.402Z,2018-05-13T23:42:41.258Z,175.8601694,-40.63502261,1.277220993,26.796875,M,,NonLinLoc,,automatic,nz3drx,13,13,6,0.1170611112,75.28572836,0.6011505923,0
2018p359348,,2018-05-13T23:00:49.867Z,2018-05-13T23:03:18.312Z,176.3770377,-38.29779174,2.534702677,115.625,M,,NonLinLoc,,automatic,nz3drx,57,57,26,0.3503522415,96.44269692,1.278886149,0
2018p359261,,2018-05-13T22:14:36.067Z,2018-05-13T22:16:50.396Z,172.2125474,-42.84796152,2.419010534,9.6875,M,,NonLinLoc,,automatic,nz3drx,14,14,5,0.07725101181,68.01561561,0.5329106785,0
2018p359212,,2018-05-13T21:48:37.205Z,2018-05-13T21:50:58.196Z,170.8195027,-43.28645735,2.379908505,5.234375,M,,NonLinLoc,,automatic,nz3drx,13,13,7,0.2204441142,77.37485174,0.8147497942,0
2018p359150,,2018-05-13T21:15:20.792Z,2018-05-13T21:23:30.555Z,176.4342128,-39.25794252,2.403477594,70.15625,M,,NonLinLoc,,automatic,nz3drx,69,69,35,0.1025684942,63.85026185,0.8716220266,0
2018p359064,,2018-05-13T20:29:41.679Z,2018-05-13T20:31:33.838Z,178.4213739,-38.73048269,1.996238991,34.0625,M,,NonLinLoc,,automatic,nz3drx,12,12,7,0.2889584125,242.715339,0.7027436906,0
2018p358959,,2018-05-13T19:34:02.827Z,2018-05-13T19:36:14.568Z,173.2009218,-41.15732907,2.154845043,151.25,M,,NonLinLoc,,automatic,nz3drx,16,16,5,0.1472237179,114.0070758,1.248574096,0
2018p358886,,2018-05-13T18:54:48.508Z,2018-05-13T18:55:39.112Z,175.6241964,-39.3274965,-0.2699063289,7.578125,M,,NonLinLoc,,automatic,nz3drx,11,11,1,0.0203301307,81.89726054,0.2312684558,0
2018p358864,,2018-05-13T18:43:19.950Z,2018-05-13T18:45:17.961Z,177.7231967,-38.60914556,1.958568963,45.3125,M,,NonLinLoc,,automatic,nz3drx,17,17,6,0.2612830131,150.1912348,0.4211995553,0
2018p358850,,2018-05-13T18:35:42.096Z,2018-05-13T18:37:29.968Z,167.9158047,-45.08972926,2.715468527,85.625,M,,NonLinLoc,,automatic,nz3drx,10,10,1,0.320898611,182.5741746,0.8251266928,0
2018p358716,,2018-05-13T17:23:57.591Z,2018-05-13T17:25:55.463Z,174.4810981,-40.09760554,2.099253587,30.3125,M,,NonLinLoc,,automatic,nz3drx,13,13,4,0.8258337632,179.9609419,0.9807559021,0
2018p358699,,2018-05-13T17:15:00.916Z,2018-05-13T17:16:09.932Z,173.4092894,-41.23359497,1.416101114,80.9375,M,,NonLinLoc,,automatic,nz3drx,10,10,3,0.02710217033,141.2194727,0.6125910015,0
2018p358657,,2018-05-13T16:52:39.068Z,2018-05-13T16:54:09.347Z,177.740973,-39.111103,1.930830572,16.71875,M,,NonLinLoc,,automatic,nz3drx,10,10,4,0.09998680252,181.7758528,0.1306751023,0
2018p358505,,2018-05-13T15:31:40.651Z,2018-05-13T15:33:42.605Z,170.4006399,-45.02346265,2.441957803,5.46875,M,,NonLinLoc,,automatic,nz3drx,15,15,4,0.1747350864,111.1660109,1.202559369,0
2018p358492,,2018-05-13T15:25:49.498Z,2018-05-13T15:27:32.391Z,176.8889624,-39.74502881,2.051277247,37.34375,M,,NonLinLoc,,automatic,nz3drx,32,32,15,0.05229599951,126.4129709,0.5555506843,0
2018p358354,,2018-05-13T14:11:45.907Z,2018-05-13T14:13:49.075Z,176.7117334,-39.88466165,1.53870737,26.5625,M,,NonLinLoc,,automatic,nz3drx,13,13,6,0.157294429,87.94934517,0.6042542654,0
2018p358353,,2018-05-13T14:10:52.569Z,2018-05-13T14:13:33.033Z,170.7853048,-43.41998977,2.574020545,6.40625,M,,NonLinLoc,,automatic,nz3drx,22,22,6,0.3467745983,65.45957651,0.8111855917,0
2018p358345,,2018-05-13T14:06:29.941Z,2018-05-13T14:08:28.749Z,177.0165765,-37.63595057,2.226117624,10.15625,M,,NonLinLoc,,automatic,nz3drx,25,25,19,0.1776351511,118.4213483,0.8936893373,0
2018p358308,,2018-05-13T13:46:56.668Z,2018-05-13T13:49:03.861Z,177.0094289,-37.67655553,2.075134864,5.234375,M,,NonLinLoc,,automatic,nz3drx,19,19,7,0.1824691137,136.7532107,0.8809170454,0
2018p358259,,2018-05-13T13:20:43.252Z,2018-05-13T14:15:48.672Z,176.2541303,-38.1268931,1.68271053,7.2265625,M,,NonLinLoc,,automatic,nz3drx,16,16,9,0.06979352661,53.7463316,0.2808374007,0
2018p358119,,2018-05-13T12:05:51.690Z,2018-05-13T12:14:52.592Z,174.4951526,-40.80697593,2.07957307,25.15625,M,,NonLinLoc,,automatic,nz3drx,27,27,12,0.3176369888,110.1007762,0.5630190895,0
2018p358102,,2018-05-13T11:56:54.451Z,2018-05-13T11:59:45.046Z,172.1205241,-43.59927204,2.318830823,9.921875,M,,NonLinLoc,,automatic,nz3drx,24,24,6,0.1287304477,59.30390153,0.9605976602,0
2018p358100,,2018-05-13T11:55:53.492Z,2018-05-13T11:57:53.028Z,177.0394977,-39.28134956,1.646503653,30.3125,M,,NonLinLoc,,automatic,nz3drx,14,14,6,0.03758327843,150.441466,0.3592026639,0
2018p358055,,2018-05-13T11:31:50.079Z,2018-05-13T11:33:54.650Z,171.9469703,-43.12253457,2.177539035,10.15625,M,,NonLinLoc,,automatic,nz3drx,10,10,3,0.2146396283,89.69398755,0.2914536758,0
2018p358004,earthquake,2018-05-13T11:04:49.530Z,2018-05-18T02:37:59.252Z,173.5536346,-42.35747147,2.749777035,27.73579216,M,,LOCSAT,confirmed,manual,iasp91,43,28,14,0.05947336555,66.96847534,0.6290510576,0
2018p357933,,2018-05-13T10:28:32.665Z,2018-05-13T10:31:45.416Z,173.0628289,-41.10316307,2.577030511,77.1875,M,,NonLinLoc,,automatic,nz3drx,37,37,15,0.1036394127,86.62597385,1.415735642,0
2018p357929,,2018-05-13T10:24:52.322Z,2018-05-13T10:27:14.888Z,175.0336742,-40.61036704,2.310586817,15.078125,M,,NonLinLoc,,automatic,nz3drx,57,57,27,0.2300656881,66.53439611,0.9388409385,0
2018p357900,earthquake,2018-05-13T10:09:17.570Z,2018-05-18T01:55:32.499Z,175.8967438,-38.53841782,2.404514832,122.2563324,M,,LOCSAT,confirmed,manual,iasp91,61,57,34,0.07578910887,35.16477966,0.3997374827,0
2018p357838,earthquake,2018-05-13T09:36:10.168Z,2018-05-13T20:42:26.214Z,174.1588745,-41.68335724,3.134998316,9.393722534,M,,LOCSAT,confirmed,manual,iasp91,32,20,16,0.07743691653,65.472229,0.5375841446,0
2018p357798,,2018-05-13T09:14:54.784Z,2018-05-13T09:16:02.514Z,172.5555092,-40.88610244,2.071558835,8.28125,M,,NonLinLoc,,automatic,nz3drx,10,10,3,0.06230909133,128.0550732,0.2496405634,0
2018p357787,,2018-05-13T09:08:59.827Z,2018-05-13T09:11:08.830Z,175.714469,-39.92711309,1.514467762,20.234375,M,,NonLinLoc,,automatic,nz3drx,26,26,7,0.2276118826,80.83671495,0.4431449793,0
2018p357768,,2018-05-13T08:59:00.377Z,2018-05-13T09:00:26.666Z,173.174159,-41.47032554,2.220113101,78.125,M,,NonLinLoc,,automatic,nz3drx,10,10,5,0.2951741687,68.45773589,0.7789270135,0
2018p357741,,2018-05-13T08:44:34.758Z,2018-05-13T08:45:55.189Z,174.9314672,-39.1346447,1.850434781,24.921875,M,,NonLinLoc,,automatic,nz3drx,23,23,10,0.1346319208,79.95715065,0.4030305065,0
2018p357718,,2018-05-13T08:32:10.711Z,2018-05-13T08:33:22.980Z,175.757986,-40.9203942,1.659724542,23.515625,M,,NonLinLoc,,automatic,nz3drx,16,16,8,0.1745156668,95.86845907,0.2412843442,0
2018p357709,,2018-05-13T08:27:36.989Z,2018-05-13T08:29:24.521Z,170.8649115,-43.31198732,2.086825111,8.28125,M,,NonLinLoc,,automatic,nz3drx,15,15,5,0.2560370409,67.73560666,0.5689759467,0
2018p357697,,2018-05-13T08:21:42.845Z,2018-05-13T08:23:47.375Z,178.284423,-37.59375605,1.965350899,35.9375,M,,NonLinLoc,,automatic,nz3drx,12,12,6,0.03517838813,132.6167039,0.747592692,0
2018p357690,,2018-05-13T08:17:28.719Z,2018-05-13T08:19:30.832Z,177.3720647,-37.75197506,1.899890356,37.8125,M,,NonLinLoc,,automatic,nz3drx,15,15,7,0.3138146998,234.4103001,0.9046635545,0
2018p357688,,2018-05-13T08:16:19.541Z,2018-05-13T08:17:44.343Z,175.0736168,-41.08350968,1.502137827,25.859375,M,,NonLinLoc,,automatic,nz3drx,16,16,6,0.02616549921,44.84863157,0.3115021008,0
2018p357664,,2018-05-13T08:03:51.569Z,2018-05-13T08:04:53.325Z,167.5478146,-45.64685833,2.147611218,5.46875,M,,NonLinLoc,,automatic,nz3drx,10,10,2,0.3408373347,74.67883423,0.4631002419,0
2018p357649,earthquake,2018-05-13T07:55:31.919Z,2018-05-18T01:50:24.410Z,167.5263977,-45.63788605,2.309536777,5,M,operator assigned,LOCSAT,confirmed,manual,iasp91,27,15,4,0.2594166696,75.46000671,0.7691535827,0
2018p357604,,2018-05-13T07:31:38.098Z,2018-05-13T07:33:40.133Z,176.0625523,-38.97491173,2.061098954,83.75,M,,NonLinLoc,,automatic,nz3drx,11,11,6,0.3142856056,215.728173,1.644249673,0
2018p357602,,2018-05-13T07:30:28.277Z,2018-05-13T07:32:39.706Z,178.4084768,-37.77748252,1.853421904,26.5625,M,,NonLinLoc,,automatic,nz3drx,11,11,7,0.04169974379,263.7438586,0.4828216839,0
2018p357560,,2018-05-13T07:08:25.022Z,2018-05-13T07:10:54.951Z,174.1923538,-40.25742216,2.551979714,76.71875,M,,NonLinLoc,,automatic,nz3drx,53,53,21,0.5858627844,100.704146,0.8794256365,0
2018p357537,,2018-05-13T06:55:43.286Z,2018-05-13T06:58:44.858Z,174.1477116,-41.69170719,2.581019625,14.140625,M,,NonLinLoc,,automatic,nz3drx,48,48,20,0.07646194421,71.89151929,1.500375779,0
2018p357485,,2018-05-13T06:28:02.727Z,2018-05-13T06:29:59.079Z,177.437941,-37.79400734,2.087588205,58.4375,M,,NonLinLoc,,automatic,nz3drx,11,11,3,0.2485331177,185.6166403,1.088732825,0
2018p357481,,2018-05-13T06:26:15.478Z,2018-05-13T06:28:08.643Z,175.8773158,-40.34546121,1.551383945,27.734375,M,,NonLinLoc,,automatic,nz3drx,22,22,7,0.09745884862,70.97732115,0.3494973903,0
2018p357460,,2018-05-13T06:15:00.738Z,2018-05-13T06:18:00.553Z,174.450616,-41.52044398,2.699457661,11.328125,M,,NonLinLoc,,automatic,nz3drx,50,50,26,0.3331050053,121.438784,1.521347645,0
2018p357429,,2018-05-13T05:58:31.177Z,2018-05-13T06:00:45.354Z,176.3731774,-39.29692185,1.769795354,5.234375,M,,NonLinLoc,,automatic,nz3drx,14,14,9,0.1314555788,128.3153735,1.293916605,0
2018p357413,,2018-05-13T05:50:06.632Z,2018-05-13T05:51:30.351Z,176.0139597,-37.863986,2.152373621,9.921875,M,,NonLinLoc,,automatic,nz3drx,21,21,12,0.05914862912,66.36598411,0.2387227182,0
2018p357341,,2018-05-13T05:11:31.469Z,2018-05-13T05:13:37.535Z,176.1853075,-39.04200472,2.541178746,5.9375,M,,NonLinLoc,,automatic,nz3drx,13,13,10,0.4090607415,239.4329692,0.98721044,0
2018p357339,earthquake,2018-05-13T05:10:44.178Z,2018-05-13T05:31:37.696Z,174.4412079,-41.45840454,3.935731257,10.6426096,M,,LOCSAT,confirmed,manual,iasp91,24,17,13,0.2771884501,109.8140411,0.2993889149,0
2018p357273,,2018-05-13T04:35:32.545Z,2018-05-13T04:37:35.273Z,176.7983001,-38.0974623,1.993272644,111.875,M,,NonLinLoc,,automatic,nz3drx,18,18,7,0.2893984775,215.7303753,1.2266313,0
2018p357260,,2018-05-13T04:28:28.171Z,2018-05-13T04:30:50.039Z,175.3933785,-39.12704987,0.8761742323,9.921875,M,,NonLinLoc,,automatic,nz3drx,19,19,6,0.06538885245,170.0912286,0.5375805973,0
2018p357226,earthquake,2018-05-13T04:10:13.479Z,2018-05-17T22:16:37.802Z,167.3269501,-45.273983,3.093833813,76.40467834,M,,LOCSAT,confirmed,manual,iasp91,29,18,3,0.2265538424,182.9312439,0.7488438357,0
2018p357092,,2018-05-13T02:59:08.633Z,2018-05-13T03:01:10.880Z,176.781745,-38.47025591,1.902315448,130.625,M,,NonLinLoc,,automatic,nz3drx,16,16,12,0.01168661738,93.51534398,1.771795838,0
2018p357059,,2018-05-13T02:41:03.983Z,2018-05-13T02:42:40.564Z,177.1102861,-39.57759231,1.871209765,18.359375,M,,NonLinLoc,,automatic,nz3drx,17,17,9,0.0873805177,198.6913812,0.3396070784,0
2018p357000,,2018-05-13T02:09:54.071Z,2018-05-13T02:11:30.414Z,177.847969,-38.56883107,2.218527636,18.828125,M,,NonLinLoc,,automatic,nz3drx,21,21,13,0.1558042378,104.8375464,0.4821679766,0
2018p356975,,2018-05-13T01:56:46.639Z,2018-05-13T01:58:09.300Z,176.1182937,-40.97109658,1.722100686,12.734375,M,,NonLinLoc,,automatic,nz3drx,18,18,6,0.0896511938,185.3299454,0.5257299596,0
2018p356957,,2018-05-13T01:47:10.510Z,2018-05-13T01:48:28.046Z,177.7278608,-39.12403,1.875478299,17.65625,M,,NonLinLoc,,automatic,nz3drx,10,10,6,0.1072376984,169.5937893,0.1759564372,0
2018p356926,,2018-05-13T01:30:17.748Z,2018-05-13T01:31:49.074Z,177.8140622,-38.55279802,1.803149635,16.953125,M,,NonLinLoc,,automatic,nz3drx,15,15,7,0.1605197908,96.9619595,0.2090922421,0
2018p356867,earthquake,2018-05-13T00:58:51.707Z,2018-05-17T22:13:09.815Z,174.3196259,-39.63598251,2.647296169,107.6117554,M,,LOCSAT,confirmed,manual,iasp91,46,35,14,0.1869343668,85.78401947,0.4444615033,0
2018p356852,,2018-05-13T00:50:58.536Z,2018-05-13T00:53:18.224Z,175.9003323,-38.64653026,2.385987632,125.9375,M,,NonLinLoc,,automatic,nz3drx,47,47,17,0.4191805256,77.16165909,1.184591374,0
2018p356830,,2018-05-13T00:39:14.295Z,2018-05-13T00:40:49.133Z,174.2668053,-41.59677698,1.490323765,15.078125,M,,NonLinLoc,,automatic,nz3drx,13,13,3,0.1594293542,107.1474897,0.2646018862,0
2018p356806,earthquake,2018-05-13T00:26:53.472Z,2018-05-17T22:06:52.015Z,174.1860809,-39.7765274,2.309351053,194.4707031,M,,LOCSAT,confirmed,manual,iasp91,27,14,1,1.0438236,253.2665024,0.5198470406,0
2018p356721,,2018-05-12T23:40:58.860Z,2018-05-12T23:43:05.700Z,174.2360723,-41.63758026,2.056658613,16.953125,M,,NonLinLoc,,automatic,nz3drx,20,20,6,0.1145346416,104.0787647,0.472369465,0
2018p356712,,2018-05-12T23:36:10.088Z,2018-05-12T23:37:57.079Z,176.9649102,-37.51769146,2.006367041,17.65625,M,,NonLinLoc,,automatic,nz3drx,10,10,4,0.1775501817,227.6355916,0.7487422279,0
2018p356707,,2018-05-12T23:33:49.794Z,2018-05-12T23:36:28.649Z,177.0650612,-38.01239211,2.393244107,149.375,M,,NonLinLoc,,automatic,nz3drx,23,23,7,0.2498306445,215.1633924,1.849426814,0
2018p356672,,2018-05-12T23:14:54.887Z,2018-05-12T23:17:03.482Z,176.9195077,-39.65513478,2.354507426,26.328125,M,,NonLinLoc,,automatic,nz3drx,35,35,20,0.1211068503,96.86609096,0.549951032,0
2018p356645,,2018-05-12T23:00:39.012Z,2018-05-12T23:02:15.163Z,174.3055295,-41.64796263,2.229692236,19.765625,M,,NonLinLoc,,automatic,nz3drx,21,21,8,0.124205158,130.3902093,0.388206958,0
2018p356626,,2018-05-12T22:50:42.657Z,2018-05-12T22:53:01.393Z,175.9814109,-38.85907154,2.204502599,108.125,M,,NonLinLoc,,automatic,nz3drx,21,21,4,0.4937440066,209.2867957,1.367838819,0
2018p356609,,2018-05-12T22:41:30.669Z,2018-05-12T22:43:45.752Z,175.4833121,-41.086476,2.523233361,27.03125,M,,NonLinLoc,,automatic,nz3drx,33,33,19,0.07396715493,61.13911437,0.497083418,0
2018p356580,,2018-05-12T22:26:37.672Z,2018-05-12T22:28:55.839Z,177.6574743,-37.57424835,2.53954562,67.8125,M,,NonLinLoc,,automatic,nz3drx,27,27,14,0.2029578087,173.9694341,1.360047212,0
2018p356536,earthquake,2018-05-12T22:02:44.178Z,2018-05-13T20:31:34.844Z,177.7952728,-39.25733185,3.438839515,37.77748489,M,,LOCSAT,confirmed,manual,iasp91,40,27,19,0.1359519511,182.9995537,0.385981236,0
2018p356416,,2018-05-12T20:58:41.152Z,2018-05-12T21:00:02.341Z,176.8696555,-39.70111948,2.060506047,35.46875,M,,NonLinLoc,,automatic,nz3drx,19,19,9,0.09476514624,103.8538456,0.4918143762,0
2018p356381,earthquake,2018-05-12T20:40:01.622Z,2018-05-12T20:52:04.719Z,174.1387482,-41.68145752,4.180682326,11.52509975,M,,LOCSAT,confirmed,manual,iasp91,31,21,17,0.0878406167,70.88172913,0.5286208948,0
2018p356362,,2018-05-12T20:30:09.756Z,2018-05-12T20:31:39.652Z,176.7476888,-39.88574541,1.542939854,28.4375,M,,NonLinLoc,,automatic,nz3drx,11,11,5,0.1361634655,99.18025044,0.2559178612,0
2018p356333,,2018-05-12T20:14:19.717Z,2018-05-12T20:15:31.861Z,178.3531827,-37.67417269,1.745826367,12.96875,M,,NonLinLoc,,automatic,nz3drx,10,10,5,0.1144602885,180.1428301,0.2509394715,0
2018p356327,earthquake,2018-05-12T20:11:09.918Z,2018-05-17T21:42:21.127Z,173.5470734,-42.28474045,2.621458063,14.92024994,M,,LOCSAT,confirmed,manual,iasp91,34,26,12,0.1312939674,91.5956459,0.8383808338,0
2018p356252,,2018-05-12T19:31:14.392Z,2018-05-12T19:32:31.744Z,175.8563486,-40.61657064,1.836853345,25.390625,M,,NonLinLoc,,automatic,nz3drx,18,18,10,0.1074598805,87.06734846,0.3518060249,0
2018p356218,,2018-05-12T19:13:21.120Z,2018-05-12T19:15:24.968Z,174.2626394,-41.52074847,1.724277347,28.90625,M,,NonLinLoc,,automatic,nz3drx,12,12,7,0.2332998068,95.91584188,0.6720012991,0
2018p356155,,2018-05-12T18:39:25.497Z,2018-05-12T18:41:34.460Z,173.0218474,-42.27206197,2.453951216,27.03125,M,,NonLinLoc,,automatic,nz3drx,15,15,5,0.4079133954,72.88571498,0.4979739775,0
2018p356010,,2018-05-12T17:22:18.949Z,2018-05-12T17:24:45.003Z,173.2073702,-41.56811039,1.94920491,9.6875,M,,NonLinLoc,,automatic,nz3drx,14,14,5,0.2991577436,67.61573811,0.6401520546,0
2018p355909,earthquake,2018-05-12T16:28:36.615Z,2018-05-17T21:40:54.022Z,174.5007782,-37.85586929,2.573706513,5,M,operator assigned,LOCSAT,confirmed,manual,iasp91,57,41,19,0.7025780082,157.0210571,0.5538724601,0
2018p355906,,2018-05-12T16:27:10.147Z,2018-05-12T16:29:29.771Z,178.2070931,-38.94876128,2.261946479,34.53125,M,,NonLinLoc,,automatic,nz3drx,30,30,14,0.2518807507,216.699524,0.6048435782,0
2018p355897,,2018-05-12T16:22:14.414Z,2018-05-12T16:24:27.036Z,178.2250842,-37.54027717,2.014037422,7.34375,M,,NonLinLoc,,automatic,nz3drx,14,14,6,0.06713795817,230.6805779,0.4422538246,0
2018p355866,,2018-05-12T16:06:10.516Z,2018-05-12T16:07:53.479Z,177.5556411,-37.78433163,1.348524186,50.9375,M,,NonLinLoc,,automatic,nz3drx,12,12,2,0.1832813315,223.1362729,0.7071182432,0
2018p355834,,2018-05-12T15:48:47.686Z,2018-05-12T15:50:48.522Z,174.292124,-41.63422281,1.786171427,15.546875,M,,NonLinLoc,,automatic,nz3drx,17,17,6,0.1310113629,122.2832964,0.4700961929,0
2018p355721,,2018-05-12T14:48:08.710Z,2018-05-12T14:50:34.328Z,170.8146243,-43.29467219,2.225925852,5.234375,M,,NonLinLoc,,automatic,nz3drx,16,16,6,0.2273588806,77.51695803,1.040122706,0
2018p355707,,2018-05-12T14:41:26.534Z,2018-05-12T14:43:49.937Z,177.7965549,-37.70518305,2.47964342,62.1875,M,,NonLinLoc,,automatic,nz3drx,37,37,19,0.05262139891,212.3416244,1.752457479,0
2018p355692,,2018-05-12T14:32:52.001Z,2018-05-12T14:33:57.400Z,178.4101792,-37.75755014,1.594687711,28.4375,M,,NonLinLoc,,automatic,nz3drx,10,10,3,0.06153827755,269.6025271,0.8189972445,0
2018p355531,,2018-05-12T13:06:52.027Z,2018-05-12T13:09:27.167Z,176.0364864,-38.59402897,2.502592152,134.375,M,,NonLinLoc,,automatic,nz3drx,42,42,12,0.3749648935,62.48211103,1.543056366,0
2018p355499,,2018-05-12T12:49:54.373Z,2018-05-12T12:51:35.671Z,174.2456169,-41.76047891,1.984160102,17.65625,M,,NonLinLoc,,automatic,nz3drx,21,21,6,0.02539874357,140.8634043,0.4465306512,0
2018p355490,,2018-05-12T12:45:26.062Z,2018-05-12T12:47:34.005Z,174.0354704,-40.17429612,2.077183607,93.125,M,,NonLinLoc,,automatic,nz3drx,11,11,2,0.6359676087,170.1881266,1.191524196,0
2018p355475,,2018-05-12T12:37:08.275Z,2018-05-12T12:39:25.003Z,173.855065,-42.32634517,2.493839664,27.03125,M,,NonLinLoc,,automatic,nz3drx,15,15,7,0.2507641613,171.8397468,0.6960437447,0
2018p355452,,2018-05-12T12:25:08.674Z,2018-05-12T12:27:43.850Z,173.8478785,-40.93454215,2.259579824,55.15625,M,,NonLinLoc,,automatic,nz3drx,23,23,8,0.1428147248,99.64125912,0.6103294919,0
2018p355440,earthquake,2018-05-12T12:18:37.015Z,2018-05-17T21:30:16.667Z,177.7697601,-36.97972488,2.994188,133.4221954,M,,LOCSAT,confirmed,manual,iasp91,54,42,19,0.7221739292,229.4244232,0.6558592524,0
2018p355423,,2018-05-12T12:09:30.874Z,2018-05-12T12:11:25.196Z,176.2707051,-40.2155627,1.374211019,24.921875,M,,NonLinLoc,,automatic,nz3drx,10,10,5,0.1187998249,73.36564771,0.1336750227,0
2018p355410,earthquake,2018-05-12T12:02:35.304Z,2018-05-17T21:19:50.027Z,177.6723328,-38.15284348,3.099523991,57.77004623,M,,LOCSAT,confirmed,manual,iasp91,56,42,31,0.1874513328,63.16035545,1.358746358,0
2018p355391,,2018-05-12T11:52:39.965Z,2018-05-12T11:53:57.724Z,175.6252257,-40.98064107,1.370683474,22.34375,M,,NonLinLoc,,automatic,nz3drx,12,12,7,0.1148186091,73.45885481,0.2809359215,0
2018p355310,,2018-05-12T11:09:22.256Z,2018-05-12T11:11:10.947Z,172.2544666,-42.96271795,2.252863051,15.3125,M,,NonLinLoc,,automatic,nz3drx,14,14,6,0.1796923551,71.62704878,0.6340538141,0
2018p355283,,2018-05-12T10:55:19.194Z,2018-05-12T10:57:08.427Z,175.0470637,-40.05958979,2.073953254,34.53125,M,,NonLinLoc,,automatic,nz3drx,16,16,5,0.3058577552,123.4305614,0.5174255922,0
2018p355148,,2018-05-12T09:43:13.939Z,2018-05-12T09:45:07.909Z,174.1042084,-41.67291166,1.699876288,20.46875,M,,NonLinLoc,,automatic,nz3drx,10,10,4,0.1122181195,76.00286214,0.4496251584,0
2018p355144,earthquake,2018-05-12T09:40:45.161Z,2018-05-17T21:17:30.708Z,176.39328,-40.31878281,2.749328298,24.11694908,M,,LOCSAT,confirmed,manual,iasp91,32,24,19,0.1540365368,81.82727814,0.5094571703,0
2018p355132,,2018-05-12T09:34:30.071Z,2018-05-12T09:35:31.653Z,175.6113797,-40.87269171,1.345092419,18.359375,M,,NonLinLoc,,automatic,nz3drx,10,10,6,0.07821455895,83.73324343,0.1510692601,0
2018p355000,,2018-05-12T08:24:17.624Z,2018-05-12T08:25:39.106Z,177.1147477,-39.41860253,1.723951955,24.21875,M,,NonLinLoc,,automatic,nz3drx,11,11,1,0.1771159441,190.4604371,0.4361358256,0
2018p354931,,2018-05-12T07:47:40.320Z,2018-05-12T07:49:25.893Z,178.3482292,-37.52912105,1.90847131,19.0625,M,,NonLinLoc,,automatic,nz3drx,10,10,5,0.04972768356,289.1556399,0.5875785621,0
2018p354907,,2018-05-12T07:35:01.861Z,2018-05-12T07:36:17.630Z,170.9004066,-43.17098025,1.733193585,15.3125,M,,NonLinLoc,,automatic,nz3drx,10,10,2,0.1543773064,120.7755376,0.7325001757,0
2018p354881,,2018-05-12T07:20:45.854Z,2018-05-12T07:23:11.663Z,173.6201015,-42.31283722,2.196424639,19.53125,M,,NonLinLoc,,automatic,nz3drx,18,18,3,0.1196351223,156.1877976,0.6790434134,0
2018p354868,,2018-05-12T07:13:41.326Z,2018-05-12T07:15:38.609Z,176.5344457,-40.31513796,1.587781057,12.734375,M,,NonLinLoc,,automatic,nz3drx,18,18,6,0.09158376406,140.1361372,0.4290082439,0
2018p354843,,2018-05-12T07:00:26.761Z,2018-05-12T07:02:19.593Z,176.5420966,-40.32786664,2.310033113,13.90625,M,,NonLinLoc,,automatic,nz3drx,35,35,21,0.09454177314,152.0849109,0.6560703369,0
2018p354790,,2018-05-12T06:32:11.187Z,2018-05-12T06:34:18.726Z,177.2560165,-39.35041176,2.142266615,23.046875,M,,NonLinLoc,,automatic,nz3drx,21,21,12,0.2156302131,172.8251384,0.3243506747,0
2018p354762,,2018-05-12T06:17:41.143Z,2018-05-12T06:19:09.099Z,177.7430765,-39.12032899,2.236931248,18.828125,M,,NonLinLoc,,automatic,nz3drx,23,23,10,0.1086762024,120.9238491,0.3532015398,0
2018p354752,,2018-05-12T06:11:55.166Z,2018-05-12T06:13:42.175Z,172.8921671,-42.66558125,2.401521168,19.53125,M,,NonLinLoc,,automatic,nz3drx,16,16,1,0.319466895,98.44336262,0.4946968254,0
2018p354700,,2018-05-12T05:44:50.101Z,2018-05-12T05:46:50.992Z,175.7249549,-38.96959909,2.370922642,5.46875,M,,NonLinLoc,,automatic,nz3drx,11,11,6,0.02454399018,150.353573,0.7939681255,0
2018p354699,earthquake,2018-05-12T05:43:45.711Z,2018-05-12T05:52:09.166Z,173.8335266,-42.28655243,4.642584558,10.4217577,M,,LOCSAT,confirmed,manual,iasp91,23,16,12,0.2537828088,178.8378792,0.5783484594,0
2018p354636,,2018-05-12T05:10:27.125Z,2018-05-12T05:26:41.932Z,176.6383487,-38.05918412,1.970785104,61.25,M,,NonLinLoc,,automatic,nz3drx,12,12,2,0.07879353451,163.065329,1.592571642,0
2018p354479,,2018-05-12T03:47:07.796Z,2018-05-12T03:48:36.156Z,176.8919738,-39.49182949,1.542405157,18.59375,M,,NonLinLoc,,automatic,nz3drx,11,11,4,0.1559309262,163.2194997,0.3485853946,0
2018p354420,,2018-05-12T03:15:22.642Z,2018-05-12T03:17:25.924Z,174.2035254,-41.73171719,1.978802947,10.390625,M,,NonLinLoc,,automatic,nz3drx,14,14,5,0.02042480766,111.7181316,0.3171503694,0
2018p354406,,2018-05-12T03:07:24.387Z,2018-05-12T03:09:25.009Z,176.3860973,-40.26319257,1.379566857,19.53125,M,,NonLinLoc,,automatic,nz3drx,10,10,6,0.1733387047,149.261429,0.2177389879,0
2018p354405,,2018-05-12T03:07:21.266Z,2018-05-12T03:09:22.714Z,174.1963782,-41.73818069,1.696977282,10.390625,M,,NonLinLoc,,automatic,nz3drx,10,10,6,0.01802485123,87.44685596,0.3082274661,0
2018p354390,,2018-05-12T02:59:01.438Z,2018-05-12T03:01:00.803Z,174.2214808,-41.75643434,2.041495926,12.96875,M,,NonLinLoc,,automatic,nz3drx,16,16,6,0.007943774419,154.9947545,0.5643147357,0
2018p354348,earthquake,2018-05-12T02:37:05.222Z,2018-05-17T21:07:34.776Z,174.247879,-41.77088547,2.990602393,11.58449554,M,,LOCSAT,confirmed,manual,iasp91,30,24,15,0.03356773779,143.6882248,0.3726169737,0
2018p354341,earthquake,2018-05-12T02:33:08.403Z,2018-05-16T05:50:27.729Z,174.2325134,-41.77952194,3.905952985,6.368047237,M,,LOCSAT,confirmed,manual,iasp91,39,28,18,0.03353681415,141.3917542,0.7480168701,0
2018p354338,earthquake,2018-05-12T02:31:40.210Z,2018-05-16T05:52:19.110Z,174.1923828,-41.76799393,4.109037783,12.13901615,M,,LOCSAT,confirmed,manual,iasp91,35,26,119,0.02483714372,137.8448334,0.468509251,0
2018p354320,,2018-05-12T02:21:47.753Z,2018-05-12T02:23:46.537Z,174.2127578,-41.73198813,2.183594933,11.796875,M,,NonLinLoc,,automatic,nz3drx,21,21,9,0.01871994208,99.61043953,0.5924294331,0
2018p354317,,2018-05-12T02:20:15.543Z,2018-05-12T02:21:05.392Z,175.7373699,-39.47431902,0.9603917234,16.015625,M,,NonLinLoc,,automatic,nz3drx,14,14,4,0.06729373283,199.8993688,1.274838711,0
2018p354307,,2018-05-12T02:15:16.126Z,2018-05-12T02:17:00.025Z,176.597733,-40.04538324,1.739797349,33.828125,M,,NonLinLoc,,automatic,nz3drx,23,23,10,0.1232586304,88.6791957,0.5872305904,0
2018p354301,,2018-05-12T02:11:44.979Z,2018-05-12T02:14:44.469Z,174.2033807,-41.75340092,2.386573383,12.265625,M,,NonLinLoc,,automatic,nz3drx,27,27,11,0.008404386985,138.7123705,0.6854277078,0
2018p354285,earthquake,2018-05-12T02:03:20.077Z,2018-05-16T05:39:15.773Z,174.2321472,-41.76473618,3.002242677,5.692400932,M,,LOCSAT,confirmed,manual,iasp91,41,26,16,0.02085049637,142.1446915,0.7211863958,0
2018p354261,earthquake,2018-05-12T01:50:45.626Z,2018-05-16T05:34:33.623Z,174.2335358,-41.8275528,3.81986383,10.70145988,M,,LOCSAT,confirmed,manual,iasp91,51,37,14,0.07108175009,133.3400269,1.013004578,0
2018p354233,,2018-05-12T01:35:41.541Z,2018-05-12T01:37:46.011Z,177.5335199,-37.53207082,1.964762129,14.84375,M,,NonLinLoc,,automatic,nz3drx,11,11,5,0.2913891747,189.7609744,0.8769747159,0
2018p354083,,2018-05-12T00:15:43.620Z,2018-05-12T00:16:29.500Z,175.4235556,-39.24052421,0.6390283332,14.84375,M,,NonLinLoc,,automatic,nz3drx,10,10,4,0.1010808926,242.4680696,0.4255092562,0
2018p354075,,2018-05-12T00:11:39.483Z,2018-05-12T00:13:26.554Z,174.9502823,-40.10671134,2.170966686,29.84375,M,,NonLinLoc,,automatic,nz3drx,19,19,6,0.3519217439,159.9087703,0.2622801773,0
2018p353991,,2018-05-11T23:27:08.081Z,2018-05-11T23:28:47.754Z,175.9307703,-39.08424935,1.82395874,44.375,M,,NonLinLoc,,automatic,nz3drx,11,11,3,0.19865013,78.65606395,1.179455162,0
2018p353866,,2018-05-11T22:20:11.896Z,2018-05-11T22:21:08.335Z,175.4917271,-39.2313443,0.7520011432,10.2734375,M,,NonLinLoc,,automatic,nz3drx,19,19,7,0.04959538676,199.7336357,0.1898451709,0
2018p353860,,2018-05-11T22:17:03.592Z,2018-05-11T22:19:08.539Z,174.9071221,-40.75835996,2.166691931,10.859375,M,,NonLinLoc,,automatic,nz3drx,40,40,13,0.1042196331,69.18895572,0.845826578,0
2018p353844,earthquake,2018-05-11T22:08:30.289Z,2018-05-16T05:23:19.369Z,177.1017303,-37.72788239,2.777018169,118.2680588,M,,LOCSAT,confirmed,manual,iasp91,91,64,39,0.1624671668,122.8013306,0.727226653,0
2018p353818,earthquake,2018-05-11T21:54:44.504Z,2018-05-16T05:17:11.271Z,167.4271698,-45.33985138,2.810443216,49.84474945,M,,LOCSAT,confirmed,manual,iasp91,21,11,4,0.2296886295,151.1899567,0.6054232204,0
2018p353790,earthquake,2018-05-11T21:39:30.117Z,2018-05-11T23:45:56.444Z,172.1194763,-41.99822235,2.652697299,68.60128784,ML,,LOCSAT,confirmed,manual,iasp91,20,11,9,0.3454642296,102.6300659,0.6554560238,0.2907936324
2018p353763,earthquake,2018-05-11T21:25:06.336Z,2018-05-16T05:10:32.250Z,178.9440002,-37.1522789,2.818801235,12,M,operator assigned,LOCSAT,confirmed,manual,iasp91,30,20,9,0.6522412896,276.6977844,0.8514486663,0
2018p353728,earthquake,2018-05-11T21:06:50.677Z,2018-05-16T05:00:08.166Z,175.6461639,-40.94324493,1.927530328,17.47363281,M,,LOCSAT,confirmed,manual,iasp91,28,18,9,0.1094060093,54.92810059,0.3974052127,0
2018p353693,earthquake,2018-05-11T20:47:43.662Z,2018-05-16T04:50:51.156Z,174.8108978,-41.02418137,2.90249862,42.70215988,M,,LOCSAT,confirmed,manual,iasp91,42,38,25,0.1795037389,52.70065308,0.4696042836,0
2018p353671,,2018-05-11T20:36:24.648Z,2018-05-11T20:38:02.134Z,173.7710468,-41.43285167,1.610412956,47.65625,M,,NonLinLoc,,automatic,nz3drx,11,11,4,0.1289244905,86.05126792,0.3544427836,0
2018p353607,,2018-05-11T20:01:57.326Z,2018-05-11T20:14:23.316Z,176.0037235,-40.47760539,2.438300195,21.171875,M,,NonLinLoc,,automatic,nz3drx,50,50,30,0.08345437161,51.62818184,0.6812481415,0
2018p353585,,2018-05-11T19:50:11.165Z,2018-05-11T19:51:58.315Z,175.6716264,-40.70859313,2.019536173,25.15625,M,,NonLinLoc,,automatic,nz3drx,23,23,14,0.08358511165,48.47722405,0.4071539801,0
2018p353555,,2018-05-11T19:34:09.664Z,2018-05-11T23:43:01.123Z,177.476562,-38.6257345,2.197669096,25.859375,M,,NonLinLoc,,automatic,nz3drx,25,25,16,0.1366696174,42.43247353,0.4667067232,0
2018p353530,,2018-05-11T19:21:18.893Z,2018-05-11T19:23:07.596Z,173.7799224,-40.97924477,2.060332202,30.78125,M,,NonLinLoc,,automatic,nz3drx,15,15,4,0.206508546,112.503279,0.8728414934,0
2018p353483,,2018-05-11T18:56:08.762Z,2018-05-11T18:58:07.442Z,175.300686,-39.3618503,1.667100492,43.4375,M,,NonLinLoc,,automatic,nz3drx,14,14,1,0.3007091776,112.3531448,0.7137684366,0
2018p353435,,2018-05-11T18:30:30.462Z,2018-05-11T18:32:00.748Z,176.4065989,-40.56131238,1.908522156,20.234375,M,,NonLinLoc,,automatic,nz3drx,14,14,9,0.1143761414,173.4268978,0.2784494218,0
2018p353378,,2018-05-11T18:00:11.036Z,2018-05-11T18:02:30.583Z,176.7622732,-37.56304212,2.192023661,93.125,M,,NonLinLoc,,automatic,nz3drx,12,12,2,0.7397829054,203.1751677,1.48584449,0
2018p353373,,2018-05-11T17:57:10.371Z,2018-05-11T17:59:26.674Z,176.2876659,-40.90695037,1.852495644,23.28125,M,,NonLinLoc,,automatic,nz3drx,10,10,4,0.06489816507,217.0928124,0.4600701792,0
2018p353268,,2018-05-11T17:01:20.202Z,2018-05-11T17:03:50.530Z,176.1171642,-39.11660591,2.148310973,78.125,M,,NonLinLoc,,automatic,nz3drx,13,13,7,0.2932415389,135.1998806,1.502552307,0
2018p353267,earthquake,2018-05-11T17:00:42.855Z,2018-05-16T04:40:41.799Z,177.3735657,-36.53502655,3.2059885,221.5694275,M,,LOCSAT,confirmed,manual,iasp91,39,23,17,1.261884928,309.6170654,0.72977826,0
2018p353203,,2018-05-11T16:27:01.160Z,2018-05-11T16:29:25.437Z,167.7959004,-45.04957403,2.796012142,65.9375,M,,NonLinLoc,,automatic,nz3drx,14,14,7,0.3807140181,144.8699797,0.5518013328,0
2018p353161,earthquake,2018-05-11T16:04:32.967Z,2018-05-16T04:36:31.031Z,174.048172,-38.85905457,2.894070302,5,M,operator assigned,LOCSAT,confirmed,manual,iasp91,57,35,25,0.3047432303,206.9512138,0.3373791349,0
2018p353087,,2018-05-11T15:25:00.845Z,2018-05-11T15:26:49.644Z,175.6784119,-40.94637391,2.025926405,20.234375,M,,NonLinLoc,,automatic,nz3drx,27,27,13,0.1308780716,77.49459646,0.475891189,0
2018p353065,,2018-05-11T15:13:11.082Z,2018-05-11T15:14:21.912Z,177.8277637,-38.43744663,1.52910079,27.96875,M,,NonLinLoc,,automatic,nz3drx,10,10,5,0.2512394071,111.1924756,0.3814045067,0
2018p353003,,2018-05-11T14:40:01.467Z,2018-05-11T14:42:43.732Z,174.8188411,-40.22951784,2.161129176,27.96875,M,,NonLinLoc,,automatic,nz3drx,29,29,13,0.380101655,86.70391164,0.7229631397,0
2018p352993,,2018-05-11T14:35:32.765Z,2018-05-11T14:38:05.083Z,173.9752216,-39.24646283,2.538856994,5.46875,M,,NonLinLoc,,automatic,nz3drx,23,23,9,0.05176479498,155.6541706,1.267319298,0
2018p352907,,2018-05-11T13:49:09.376Z,2018-05-11T13:50:50.447Z,175.3757242,-39.10233271,1.547483691,15.78125,M,,NonLinLoc,,automatic,nz3drx,19,19,7,0.05746500139,153.6735507,1.753189841,0
2018p352775,,2018-05-11T12:38:54.732Z,2018-05-11T12:40:28.518Z,175.6063627,-40.81585537,1.835272336,13.671875,M,,NonLinLoc,,automatic,nz3drx,22,22,12,0.1097369199,84.14006379,0.3314536834,0
2018p352725,,2018-05-11T12:12:36.343Z,2018-05-11T12:14:42.372Z,176.0372811,-38.78743116,2.103529946,76.25,M,,NonLinLoc,,automatic,nz3drx,17,17,4,0.4257033383,244.4056741,1.445270768,0
2018p352684,,2018-05-11T11:50:06.019Z,2018-05-11T11:51:41.163Z,176.5437111,-40.07042442,1.503468463,13.671875,M,,NonLinLoc,,automatic,nz3drx,13,13,7,0.079302248,81.46123042,0.4485324555,0
